"","tag_id_hex","necropsy_date","necropsy_done_by","tagging_date","fork_length_mm","weight_gr","incision_irritation","suture_damage","tag_damage"
"1","1D84",2025-01-02,"EH, TA",2024-12-11,143,27.1,"None","No","Yes - embedded"
"2","2568",2025-01-02,"EH, TA",2024-12-11,145,36.1,"None","Yes - sutured caeca ","Yes - embedded"
"3","2724",2025-01-02,"EH, TA",2024-12-11,137,22.2,"None","Yes - sutured spleen?","No"
"4","2864",2025-01-02,"EH, TA",2024-12-11,160,43.6,"None","Yes - sutured caeca","Yes - embedded"
"5","2A02",2025-01-02,"EH, TA",2024-12-11,127,16.8,"Mild","No","Yes - embedded"
"6","9484",2025-01-02,"EH, TA",2024-12-11,137,22.2,"Mild","Yes - sutured caeca ","Yes - embedded"
"7","951B",2025-01-02,"EH, TA",2024-12-10,123,15.6,"None","No","Yes - embedded"
"8","9527",2025-01-02,"EH, TA",2024-12-10,153,34.4,"None","No","No"
"9","954F",2025-01-02,"EH, TA",2024-12-10,166,46.9,"None","No","Yes - embedded"
"10","957C",2025-01-02,"EH, TA",2024-12-10,164,42.8,"None","No","Yes - embedded"
"11","96DC",2025-01-02,"EH, TA",2024-12-10,154,34.8,"None","Yes - sutured caeca","No"
"12","985F",2025-01-02,"EH, TA",2024-12-10,163,48.7,"Mild","No","No"
"13","989B",2025-01-02,"EH, TA",2024-12-11,141,24.4,"Mild","No","Yes - embedded"
"14","9ED5",2025-01-02,"EH, TA",2024-12-10,127,19.9,"None","No","Yes - embedded"
"15","A0C9",2025-01-02,"EH, TA",2024-12-11,131,20.1,"None","No","No"
"16","A359",2025-01-02,"EH, TA",2024-12-10,165,42.9,"Mild","No","Yes - embedded"
"17","1D58",2025-02-06,"EH, TA",2025-01-15,170,54.9,"Mild","No","Yes - embedded"
"18","23A9",2025-02-06,"EH, TA",2025-01-14,189,80.1,"Mild","Yes - suture caeca","No"
"19","96A6",2025-02-06,"EH, TA",2025-01-15,200,98.2,"None","No","No"
"20","250A",2025-02-06,"EH, TA",2025-01-14,175,63.1,"Mild","No","Yes - embedded"
"21","1EDA",2025-02-06,"EH, TA",2025-01-14,129,21.1,"None","No","No"
"22","A361",2025-02-06,"EH, TA",2025-01-15,139,31.2,"None","No","No"
"23","A465",2025-02-06,"EH, TA",2025-01-15,150,28.1,"None","No","No"
"24","A23A",2025-02-06,"EH, TA",2025-01-14,156,42.2,"None","Yes - organ sutured","No"
"25","95B2",2025-02-06,"EH, TA",2025-01-14,172,45.9,"None","Yes - sutured caeca ","No"
"26","A17D",2025-02-06,"EH, TA",2025-01-15,143,26.9,"Mild","No","Yes - embedded"
"27","A11D",2025-02-06,"EH, TA",2025-01-15,148,32.6,"None","No","Yes - embedded"
"28","9CAD",2025-02-06,"EH, TA",2025-01-14,132,20.7,"None","No","No"
"29","95BA",2025-02-06,"EH, TA",2025-01-15,140,23.4,"None","Yes","No"
"30","A284",2025-02-06,"EH, TA",2025-01-14,167,56.8,"None","No","Yes - embedded"
"31","2335",2025-02-06,"EH, TA",2025-01-14,153,46.9,"None","Yes - organ sutured","No"
"32","9CA1",2025-02-06,"EH, TA",2025-01-15,147,28,"Mild","No","Yes - embedded"
"33","9639",2025-03-06,"NJ, BP",2025-02-11,152,19.7,"None","No","No"
"34","246A",2025-03-06,"NJ, BP",2025-02-11,154,29,"None","Yes - sutured caeca ","No"
"35","26A1",2025-03-06,"NJ, BP",2025-02-11,185,59.9,"None","No","No"
"36","94A4",2025-03-06,"NJ, BP",2025-02-12,205,70.9,"None","No","No"
"37","2055",2025-03-06,"NJ, BP",2025-02-11,163,36.7,"None","Yes - sutured caeca","No"
"38","250C",2025-03-06,"NJ, BP",2025-02-11,167,42.7,"None","No","Yes - embedded"
"39","153E",2025-03-06,"NJ, BP",2025-02-11,158,21.2,"None","No","No"
"40","1DD2",2025-03-06,"NJ, BP",2025-02-12,210,89.7,"None","No","Yes - embedded"
"41","9354",2025-03-06,"NJ, BP",2025-02-12,190,68.6,"None","No","No"
"42","93B1",2025-03-06,"NJ, BP",2025-02-12,176,48.5,"None","No","No"
"43","1D2B",2025-03-06,"NJ, BP",2025-02-12,199,77.6,"None","No","Yes - embedded"
"44","9D25",2025-03-06,"NJ, BP",2025-02-12,194,67.9,"None","No","No"
"45","16E4",2025-03-06,"NJ, BP",2025-02-12,205,80.8,"None","No","Yes - embedded"
"46","2224",2025-03-06,"NJ, BP",2025-02-12,210,88.4,"None","No","No"
"47","14B0",2025-03-06,"NJ, BP",2025-02-11,215,97,"None","No","No"
"48","2866",2025-03-06,"NJ, BP",2025-02-11,230,138.6,"None","No","No"
"49","1D58",2025-05-08,"EH, AC",2025-04-15,100,12.3,"Mild/Moderate","Yes - sutured caeca","No"
"50","A361",2025-05-08,"EH, AC",2025-04-15,102,13.8,"None","No","Yes - embedded"
"51","1D84",2025-05-08,"EH, AC",2025-04-15,95,10.8,"Mild","Yes - sutured caeca","Yes - embedded"
"52","A23A",2025-05-08,"EH, AC",2025-04-16,90,9.6,"None","Yes - sutured caeca","Yes - embedded"
"53","9608",2025-05-08,"EH, AC",2025-04-15,97,11.2,"None","Yes - sutured caeca","Yes - embedded"
"54","2724",2025-05-08,"EH, AC",2025-04-16,95,10.3,"None","No","No"
"55","A284",2025-05-08,"EH, AC",2025-04-15,100,11.7,"Mild","Yes - sutured caeca","No"
"56","96A6",2025-05-08,"EH, AC",2025-04-16,100,11.7,"Mild/Moderate","Yes - sutured caeca","No"
"57","9CAE",2025-05-08,"EH, AC",2025-04-16,100,12.2,"None","No","Yes - embedded"
"58","9715",2025-05-08,"EH, AC",2025-04-16,101,12.4,"None","Yes - sutured caeca","No"
"59","153E",2025-05-08,"EH, AC",2025-04-15,98,11.8,"Mild","Yes - organ sutured","No"
"60","A359",2025-05-08,"EH, AC",2025-04-15,102,13.5,"None","No","Yes - embedded"
"61","94A4",2025-05-08,"EH, AC",2025-04-16,93,9.6,"None","Yes - sutured caeca","No"
"62","250C",2025-05-08,"EH, AC",2025-04-16,94,10.1,"None","Yes - sutured caeca","No"
"63","96DC",2025-05-08,"EH, AC",2025-04-15,97,11.4,"None","No","No"
"64","9B67",2025-05-08,"EH, AC",2025-04-16,96,10.8,"None","Yes - sutured caeca","No"
