"","water_year","month","date","species","run","source_tank_id","surgeon","crew","vial_number","weight_gr","fork_length_mm","tag_id_hex","tag_activation_date","anesthetic_time_mmss","anesthetic_time_sec","surgery_time_mmss","surgery_time_sec","recovery_time_mmss","recovery_time_sec","comments","release_container_id","release_id","post_tagging_tank","entered_by","qaqc_by","qaqc_comments","block"
"1","2025","Dec",2024-12-10,"Chinook Salmon","late-fall","BT-1","NJ","NJ,AC,KB","D1",47.6,162,"957C",2024-12-05,"3:06",186,"1:31",91,"1:40",100,"Dummy Tag ",NA,"Block 2 NA","A","EH","SB","","Block 2"
"2","2025","Dec",2024-12-10,"Chinook Salmon","late-fall","BT-1","NJ","NJ, AC, KB","D2",46.6,164,"A359",2024-12-05,"2:32",152,"1:31",91,"3:26",206,"Dummy Tag ",NA,"Block 2 NA","A","EH","SB","","Block 2"
"3","2025","Dec",2024-12-10,"Chinook Salmon","late-fall","BT-1","NJ","NJ, AC, KB","D3",51.5,166,"954F",2024-12-05,"2:47",167,"1:33",93,"4:00",240,"Dummy Tag ",NA,"Block 2 NA","A","EH","SB","","Block 2"
"4","2025","Dec",2024-12-10,"Chinook Salmon","late-fall","BT-1","NJ","NJ, AC, KB","D4",19.7,124,"9ED5",2024-12-05,"2:28",148,"1:11",71,"3:31",211,"Dummy Tag ",NA,"Block 2 NA","A","EH","SB","","Block 2"
"5","2025","Dec",2024-12-10,"Chinook Salmon","late-fall","BT-2","AC","AC, NJ, KB","D5",17.6,124,"951B",2024-12-05,"3:14",194,"1:45",105,"1:55",115,"Dummy Tag ",NA,"Block 2 NA","A","EH","SB","","Block 2"
"6","2025","Dec",2024-12-10,"Chinook Salmon","late-fall","BT-2","AC","AC, NJ, KB","D6",37.2,152,"96DC",2024-12-05,"2:57",177,"1:39",99,"1:37",97,"Dummy Tag",NA,"Block 2 NA","A","EH","SB","","Block 2"
"7","2025","Dec",2024-12-10,"Chinook Salmon","late-fall","BT-2","AC","AC, NJ, KB","D7",41.4,156,"985F",2024-12-05,"2:53",173,"1:27",87,"2:00",120,"Dummy Tag",NA,"Block 2 NA","A","EH","SB","","Block 2"
"8","2025","Dec",2024-12-10,"Chinook Salmon","late-fall","BT-2","AC","AC, NJ, KB","D8",37.9,151,"9527",2024-12-05,"3:09",189,"1:53",113,"1:00",60,"Dummy Tag",NA,"Block 2 NA","A","EH","SB","","Block 2"
"9","2025","Dec",2024-12-11,"Chinook Salmon","late-fall","BT-3","NJ","AC, BP, NJ","D1",26.2,140,"989B",2024-12-05,"2:15",135,"1:18",78,"1:12",72,"Dummy tag",NA,"Block 2 NA","B","BP","SB","","Block 2"
"10","2025","Dec",2024-12-11,"Chinook Salmon","late-fall","BT-3","NJ","AC, BP, NJ","D2",24.5,134,"2724",2024-12-05,"2:56",176,"2:07",127,"1:41",101,"Dummy tag",NA,"Block 2 NA","B","BP","SB","","Block 2"
"11","2025","Dec",2024-12-11,"Chinook Salmon","late-fall","BT-3","NJ","AC, BP, NJ","D3",25,137,"9484",2024-12-05,"3:23",203,"1:35",95,"1:06",66,"Dummy tag",NA,"Block 2 NA","B","BP","SB","","Block 2"
"12","2025","Dec",2024-12-11,"Chinook Salmon","late-fall","BT-3","NJ","AC, BP, NJ","D4",32.5,140,"2568",2024-12-05,"3:11",191,"2:02",122,"1:06",66,"Dummy tag",NA,"Block 2 NA","B","BP","SB","","Block 2"
"13","2025","Dec",2024-12-11,"Chinook Salmon","late-fall","BT-4","AC","AC, BP, NJ","D5",29.3,141,"1D84",2024-12-05,"3:14",194,"1:49",109,"3:36",216,"Dummy tag",NA,"Block 2 NA","B","BP","SB","","Block 2"
"14","2025","Dec",2024-12-11,"Chinook Salmon","late-fall","BT-4","AC","AC, BP, NJ","D6",37.1,152,"2864",2024-12-05,"3:10",190,"1:31",91,"1:29",89,"Dummy Tag",NA,"Block 2 NA","B","BP","SB","","Block 2"
"15","2025","Dec",2024-12-11,"Chinook Salmon","late-fall","BT-4","AC","AC, BP, NJ","D7",17.4,125,"2A02",2024-12-05,"3:38",218,"1:59",119,"1:21",81,"Dummy tag",NA,"Block 2 NA","B","BP","SB","","Block 2"
"16","2025","Dec",2024-12-11,"Chinook Salmon","late-fall","BT-4","AC","AC, BP, NJ","D8",22,129,"A0C9",2024-12-05,"3:17",197,"1:45",105,"1:49",109,"Dummy tag",NA,"Block 2 NA","B","BP","SB","","Block 2"
"17","2025","Jan",2025-01-14,"Chinook Salmon","late-fall","BT-1","NJ","AC, KB","D1",46.7,170,"95B2",2025-01-10,"2:19",139,"1:39",99,"2:15",135,"Dummy Tag",NA,"Block 4 NA","A","CY","SB","","Block 4"
"18","2025","Jan",2025-01-14,"Chinook Salmon","late-fall","BT-1","NJ","AC, KB","D2",36.5,146,"2335",2025-01-10,"2:54",174,"1:22",82,"2:06",126,"Dummy Tag",NA,"Block 4 NA","A","CY","SB","","Block 4"
"19","2025","Jan",2025-01-14,"Chinook Salmon","late-fall","BT-1","NJ","AC, KB","D3",20.8,132,"9CAD",2025-01-10,"3:05",185,"1:46",106,"2:20",140,"Dummy Tag, Skinny",NA,"Block 4 NA","A","CY","SB","","Block 4"
"20","2025","Jan",2025-01-14,"Chinook Salmon","late-fall","BT-1","NJ","AC, KB","D4",35.8,150,"A23A",2025-01-10,"3:27",207,"1:38",98,"3:10",190,"Dummy Tag",NA,"Block 4 NA","A","CY","SB","","Block 4"
"21","2025","Jan",2025-01-14,"Chinook Salmon","late-fall","BT-2","AC","NJ, KB","D5",53.5,163,"A284",2025-01-10,"2:50",170,"1:39",99,"4:50",290,"Dummy Tag",NA,"Block 4 NA","A","CY","SB","","Block 4"
"22","2025","Jan",2025-01-14,"Chinook Salmon","late-fall","BT-2","AC","NJ, KB","D6",59.2,169,"250A",2025-01-10,"2:41",161,"1:33",93,"3:07",187,"Dummy Tag",NA,"Block 4 NA","A","CY","SB","","Block 4"
"23","2025","Jan",2025-01-14,"Chinook Salmon","late-fall","BT-2","AC","NJ, KB","D7",21.6,132,"1EDA",2025-01-10,"3:12",192,"1:53",113,"1:05",65,"Dummy Tag, Skinny",NA,"Block 4 NA","A","CY","SB","","Block 4"
"24","2025","Jan",2025-01-14,"Chinook Salmon","late-fall","BT-2","AC","NJ, KB","D8",81.5,181,"23A9",2025-01-10,"2:47",167,"1:38",98,"1:06",66,"Dummy Tag, Jumpy",NA,"Block 4 NA","A","CY","SB","","Block 4"
"25","2025","Jan",2025-01-15,"Chinook Salmon","late-fall","BT-3","NJ","AC, EH, CC","D1",24.8,135,"A361",2025-01-10,"2:32",152,"2:00",120,"3:20",200,"Dummy Tag",NA,"Block 4 NA","B","EH","SB","","Block 4"
"26","2025","Jan",2025-01-15,"Chinook Salmon","late-fall","BT-3","NJ","AC, EH, CC","D2",30.3,147,"A465",2025-01-10,"3:07",187,"1:43",103,"1:00",60,"Dummy Tag",NA,"Block 4 NA","B","EH","SB","","Block 4"
"27","2025","Jan",2025-01-15,"Chinook Salmon","late-fall","BT-3","NJ","AC, EH, CC","D3",25.2,139,"95BA",2025-01-10,"2:21",141,"1:10",70,"3:00",180,"Dummy Tag",NA,"Block 4 NA","B","EH","SB","","Block 4"
"28","2025","Jan",2025-01-15,"Chinook Salmon","late-fall","BT-3","NJ","AC, EH, CC","D4",29.3,145,"A17D",2025-01-10,"2:34",154,"1:52",112,"3:49",229,"Dummy Tag. Skinny",NA,"Block 4 NA","B","EH","SB","","Block 4"
"29","2025","Jan",2025-01-15,"Chinook Salmon","late-fall","BT-4","AC","NJ","D5",90.3,190,"96A6",2025-01-10,"2:30",150,"1:23",83,"4:22",262,"Dummy Tag",NA,"Block 4 NA","B","EH","SB","","Block 4"
"30","2025","Jan",2025-01-15,"Chinook Salmon","late-fall","BT-4","AC","NJ, PH","D6",29.3,147,"9CA1",2025-01-10,"2:17",137,"1:34",94,"1:22",82,"Dummy Tag. Skinny",NA,"Block 4 NA","B","EH","SB","","Block 4"
"31","2025","Jan",2025-01-15,"Chinook Salmon","late-fall","BT-4","AC","NJ, PH","D7",34.1,152,"A11D",2025-01-10,"2:31",151,"1:25",85,"1:32",92,"Dummy Tag",NA,"Block 4 NA","B","EH","SB","","Block 4"
"32","2025","Jan",2025-01-15,"Chinook Salmon","late-fall","BT-4","AC","NJ, PH","D8",51.1,165,"1D58",2025-01-10,"2:22",142,"1:27",87,"1:40",100,"Dummy Tag. Jumpy",NA,"Block 4 NA","B","EH","SB","","Block 4"
"33","2025","Feb",2025-02-11,"Chinook Salmon","late-fall","O-4","NJ","AC, BP","D1",23,141,"9639",2025-02-07,"2:33",153,"1:50",110,"1:25",85,"Skinny, all control fish placed directly into holding tank and observed for recovery",NA,"Block 5 NA","H-4","CY","BP","","Block 5"
"34","2025","Feb",2025-02-11,"Chinook Salmon","late-fall","O-4","NJ","AC, BP","D2",54.4,171,"26A1",2025-02-07,"2:03",123,"1:32",92,"2:00",120,"",NA,"Block 5 NA","H-4","CY","BP","","Block 5"
"35","2025","Feb",2025-02-11,"Chinook Salmon","late-fall","O-4","NJ","AC, BP","D3",97.4,200,"14B0",2025-02-07,"2:46",166,"1:34",94,"1:48",108,"",NA,"Block 5 NA","H-4","CY","BP","","Block 5"
"36","2025","Feb",2025-02-11,"Chinook Salmon","late-fall","O-4","NJ","AC, BP","D4",28.7,146,"2055",2025-02-07,"2:26",146,"1:28",88,"2:02",122,"",NA,"Block 5 NA","H-4","CY","BP","","Block 5"
"37","2025","Feb",2025-02-11,"Chinook Salmon","late-fall","O-4","AC","NJ, BP","D5",25.8,143,"24EA",2025-02-07,"2:18",138,"1:54",114,"1:50",110,"skinny",NA,"Block 5 NA","H-4","CY","BP","","Block 5"
"38","2025","Feb",2025-02-11,"Chinook Salmon","late-fall","O-4","AC","NJ, BP","D6",40.6,151,"250C",2025-02-07,"1:48",108,"1:34",94,"2:53",173,"",NA,"Block 5 NA","H-4","CY","BP","","Block 5"
"39","2025","Feb",2025-02-11,"Chinook Salmon","late-fall","O-4","AC","NJ, BP","D7",134.8,215,"2866",2025-02-07,"2:45",165,"3:09",189,"1:20",80,"",NA,"Block 5 NA","H-4","CY","BP","","Block 5"
"40","2025","Feb",2025-02-11,"Chinook Salmon","late-fall","O-4","AC","NJ, BP","D8",26.1,149,"153E",2025-02-07,"2:13",133,"1:38",98,"3:15",195,"Skinny",NA,"Block 5 NA","H-4","CY","BP","","Block 5"
"41","2025","Feb",2025-02-12,"Chinook Salmon","late-fall","O-5","NJ","AC, EH","D1",72.3,183,"94A4",2025-02-07,"2:13",133,"1:48",108,"3:28",208,"Control fish are being directly placed in tank from net",NA,"Block 5 NA","H-4","EH","BP","","Block 5"
"42","2025","Feb",2025-02-12,"Chinook Salmon","late-fall","O-5","NJ","AC, EH","D2",84.8,190,"2224",2025-02-07,"2:20",140,"1:28",88,"2:26",146,"",NA,"Block 5 NA","H-4","EH","BP","","Block 5"
"43","2025","Feb",2025-02-12,"Chinook Salmon","late-fall","O-5","NJ","AC, EH","D3",67.3,174,"9354",2025-02-07,"2:06",126,"1:12",72,"2:20",140,"",NA,"Block 5 NA","H-4","EH","BP","","Block 5"
"44","2025","Feb",2025-02-12,"Chinook Salmon","late-fall","O-5","NJ","AC, EH","D4",35.1,185,"16E4",2025-02-07,"2:05",125,"1:26",86,"3:12",192,"",NA,"Block 5 NA","H-4","EH","BP","","Block 5"
"45","2025","Feb",2025-02-12,"Chinook Salmon","late-fall","O-5","AC","NJ, EH","D5",51.2,161,"93B1",2025-02-07,"2:03",123,"1:51",111,"2:15",135,"",NA,"Block 5 NA","H-4","EH","BP","","Block 5"
"46","2025","Feb",2025-02-12,"Chinook Salmon","late-fall","O-5","AC","NJ, EH","D6",65.7,179,"9D25",2025-02-07,"2:12",132,"1:34",94,"1:00",60,"",NA,"Block 5 NA","H-4","EH","BP","","Block 5"
"47","2025","Feb",2025-02-12,"Chinook Salmon","late-fall","O-5","AC","NJ, EH","D7",91.5,196,"1DD2",2025-02-07,"2:13",133,"1:32",92,"2:50",170,"",NA,"Block 5 NA","H-4","EH","BP","","Block 5"
"48","2025","Feb",2025-02-12,"Chinook Salmon","late-fall","O-5","AC","NJ, EH","D8",76.4,181,"1D28",2025-02-07,"2:00",120,"1:36",96,"2:24",144,"",NA,"Block 5 NA","H-4","EH","BP","","Block 5"
"49","2025","Apr",2025-04-15,"Chinook Salmon","fall","BT-4","AC","EH, AL","D5",5.9,81,"1D84",2025-04-11,"1:43",103,"1:33",93,"1:00",60,"",NA,"Block 7 NA","A","PH","BP","","Block 7"
"50","2025","Apr",2025-04-15,"Chinook Salmon","fall","BT-4","EH","AC, AL","D1",7.3,87,"1D58",2025-04-11,"2:20",140,"2:29",149,"1:15",75,"",NA,"Block 7 NA","A","PH","BP","","Block 7"
"51","2025","Apr",2025-04-15,"Chinook Salmon","fall","BT-4","AC","EH, AL","D6",7.5,85,"96DC",2025-04-11,"2:14",134,"1:30",90,"0:53",53,"",NA,"Block 7 NA","A","PH","BP","","Block 7"
"52","2025","Apr",2025-04-15,"Chinook Salmon","fall","BT-4","EH","AC, AL","D4",7.6,90,"A284",2025-04-11,"2:40",160,"2:00",120,"2:31",151,"",NA,"Block 7 NA","A","PH","BP","","Block 7"
"53","2025","Apr",2025-04-15,"Chinook Salmon","fall","BT-4","EH","AC, AL","D2",7.8,88,"96D8",2025-04-11,"1:37",97,"2:18",138,"1:00",60,"",NA,"Block 7 NA","A","PH","BP","","Block 7"
"54","2025","Apr",2025-04-15,"Chinook Salmon","fall","BT-4","EH","AC, AL","D3",8,88,"A361",2025-04-11,"2:31",151,"2:09",129,"3:00",180,"",NA,"Block 7 NA","A",NA,"BP","","Block 7"
"55","2025","Apr",2025-04-15,"Chinook Salmon","fall","BT-4","AC","EH, AL","D7",8.2,89,"153E",2025-04-11,"2:28",148,"1:41",101,"2:38",158,"",NA,"Block 7 NA","A","PH","BP","","Block 7"
"56","2025","Apr",2025-04-15,"Chinook Salmon","fall","BT-4","AC","EH, AL","D8",8.4,90,"A359",2025-04-11,"2:09",129,"1:32",92,"1:05",65,"",NA,"Block 7 NA","A","PH","BP","","Block 7"
"57","2025","Apr",2025-04-16,"Chinook Salmon","fall","BT-3","EH","AC, CW","D3",5.2,79,"94A4",2025-04-11,"2:31",151,"2:10",130,"2:45",165,"",NA,"Block 7 NA","B","PH","BP","","Block 7"
"58","2025","Apr",2025-04-16,"Chinook Salmon","fall","BT-3","EH","AC, CW","D4",5.5,78,"250C",2025-04-11,"2:43",163,"2:18",138,"1:08",68,"",NA,"Block 7 NA","B","PH","BP","","Block 7"
"59","2025","Apr",2025-04-16,"Chinook Salmon","fall","BT-3","AC","EH, CC","D6",6.6,83,"2724",2025-04-11,"2:23",143,"2:05",125,"2:34",154,"",NA,"Block 7 NA","B","PH","BP","","Block 7"
"60","2025","Apr",2025-04-16,"Chinook Salmon","fall","BT-3","AC","EH, CC","D5",6.8,84,"9715",2025-04-11,"2:09",129,"2:11",131,"2:08",128,"",NA,"Block 7 NA","B","PH","BP","","Block 7"
"61","2025","Apr",2025-04-16,"Chinook Salmon","fall","BT-3","AC","EH, CC","D7",7.1,85,"A23A",2025-04-11,"2:18",138,"1:51",111,"2:38",158,"",NA,"Block 7 NA","B","PH","BP","","Block 7"
"62","2025","Apr",2025-04-16,"Chinook Salmon","fall","BT-3","AC","EH, CC","D8",7.1,86,"9CAE",2025-04-11,"2:04",124,"1:54",114,"1:23",83,"","RT-16","Block 7 RT-16",NA,"PH","BP","","Block 7"
"63","2025","Apr",2025-04-16,"Chinook Salmon","fall","BT-3","EH","AC, CW","D1",7.3,86,"9B67",2025-04-11,"1:33",93,"2:32",152,"1:05",65,"",NA,"Block 7 NA","B","PH","BP","","Block 7"
"64","2025","Apr",2025-04-16,"Chinook Salmon","fall","BT-3","EH","AC, CW","D2",7.5,86,"96A6",2025-04-11,"2:27",147,"2:22",142,"1:59",119,"",NA,"Block 7 NA","B","PH","BP","","Block 7"
"65","2026","Dec",2025-12-01,"Chinook Salmon","late-fall","O-1","AC","HS, AK, JG","D1",22.8,120,"A284",2025-11-25,"3:17",197,"1:24",84,"1:06",66,"",NA,"Block 1 NA","I-3","SB","HS","","Block 1"
"66","2026","Dec",2025-12-01,"Chinook Salmon","late-fall","O-1","AC","HS, JG","D2",16.1,110,"2176",2025-11-25,"3:12",192,"1:36",96,"4:00",240,"",NA,"Block 1 NA","I-3","SB","HS","","Block 1"
"67","2026","Dec",2025-12-01,"Chinook Salmon","late-fall","O-1","HS","AC, JG","D3",11.5,91,"94A4",2025-11-25,"2:52",172,"1:45",105,"2:02",122,"",NA,"Block 1 NA","I-3","SB","HS","","Block 1"
"68","2026","Dec",2025-12-01,"Chinook Salmon","late-fall","O-1","HS","AC, JG","D4",42.4,150,"76ED",2025-11-25,"3:00",180,"1:30",90,"4:15",255,"",NA,"Block 1 NA","I-3","SB","HS","","Block 1"
"69","2026","Dec",2025-12-02,"Chinook Salmon","late-fall","O-4","HS","AC, AK","D1",17.3,112,"2224",2025-11-25,"3:16",196,"1:31",91,"4:38",278,"",NA,"Block 1 NA","I-3","HS","SB","","Block 1"
"70","2026","Dec",2025-12-02,"Chinook Salmon","late-fall","O-4","HS","AC, AK","D2",38.2,148,"9F56",2025-11-25,"3:07",187,"1:43",103,"3:28",208,"",NA,"Block 1 NA","I-3","HS","SB","","Block 1"
"71","2026","Dec",2025-12-02,"Chinook Salmon","late-fall","O-4","AC","HS, JG","D3",37.3,144,"9484",2025-11-25,"2:56",176,"1:39",99,"0:51",51,"",NA,"Block 1 NA","I-3","HS","SB","","Block 1"
"72","2026","Dec",2025-12-02,"Chinook Salmon","late-fall","O-4","AC","HS, JG","D4",36.8,140,"2568",2025-11-25,"3:03",183,"2:02",122,"2:43",163,"second incision",NA,"Block 1 NA","I-3","HS","SB","","Block 1"
"73","2026","Dec",2025-12-03,"Chinook Salmon","late-fall","O-5","HS","AC, AK","D1",10.7,98,"A361",2025-11-25,"3:32",212,"1:22",82,"4:17",257,"",NA,"Block 1 NA","I-3","HS","SB","","Block 1"
"74","2026","Dec",2025-12-03,"Chinook Salmon","late-fall","O-5","HS","AC, AK","D2",33.9,142,"1DD2",2025-11-25,"2:59",179,"1:19",79,"4:24",264,"",NA,"Block 1 NA","I-3","HS","SB","","Block 1"
"75","2026","Dec",2025-12-03,"Chinook Salmon","late-fall","O-5","AC","HS, AK","D3",24.4,122,"9CA1",2025-11-25,"2:45",165,"1:17",77,"4:17",257,"",NA,"Block 1 NA","I-3","HS","SB","","Block 1"
"76","2026","Dec",2025-12-03,"Chinook Salmon","late-fall","O-5","AC","HS, AK","D4",18,114,"24EA",2025-11-25,"2:50",170,"2:04",124,"3:40",220,"jumpy, second incision",NA,"Block 1 NA","I-3","HS","SB","","Block 1"
"77","2026","Dec",2025-12-08,"Chinook Salmon","late-fall","O-6","HS","AC, AK","D1",36.2,138,"96D8",2025-12-04,"2:46",166,"1:18",78,"4:20",260,"",NA,"Block 2 NA","I-3","HS","SB","","Block 2"
"78","2026","Dec",2025-12-08,"Chinook Salmon","late-fall","O-6","HS","AC, AK","D2",46.3,160,"2055",2025-12-04,"3:13",193,"1:38",98,"1:55",115,"",NA,"Block 2 NA","I-3","HS","SB","","Block 2"
"79","2026","Dec",2025-12-08,"Chinook Salmon","late-fall","O-6","AC","HS, AK","D3",17.8,116,"9DBD",2025-12-04,"2:49",169,"1:15",75,"4:43",283,"",NA,"Block 2 NA","I-3","HS","SB","","Block 2"
"80","2026","Dec",2025-12-08,"Chinook Salmon","late-fall","O-6","AC","HS, AK","D4",35.8,144,"9362",2025-12-04,"2:40",160,"1:32",92,"3:10",190,"jumpy",NA,"Block 2 NA","I-3","HS","SB","","Block 2"
"81","2026","Dec",2025-12-09,"Chinook Salmon","late-fall","O-7","HS","AC, JI","D1",34.9,139,"16C6",2025-12-04,"3:19",199,"1:32",92,"1:25",85,"",NA,"Block 2 NA","I-3","HS","SB","","Block 2"
"82","2026","Dec",2025-12-09,"Chinook Salmon","late-fall","O-7","HS","AC, JI","D2",32.2,135,"95E9",2025-12-04,"3:12",192,"1:28",88,"4:38",278,"",NA,"Block 2 NA","I-3","HS","SB","","Block 2"
"83","2026","Dec",2025-12-09,"Chinook Salmon","late-fall","O-7","AC","HS, JI","D3",24.8,126,"95BA",2025-12-04,"2:40",160,"1:18",78,"1:00",60,"",NA,"Block 2 NA","I-3","HS","SB","","Block 2"
"84","2026","Dec",2025-12-09,"Chinook Salmon","late-fall","O-7","AC","HS, JI","D4",36.6,144,"2866",2025-12-04,"2:58",178,"1:28",88,"2:49",169,"",NA,"Block 2 NA","I-3","HS","SB","","Block 2"
"85","2026","Dec",2025-12-10,"Chinook Salmon","late-fall","O-9","HS","AC, JI","D1",31.6,134,"14B0",2025-12-04,"4:14",254,"1:04",64,"4:42",282,"",NA,"Block 2 NA","I-3","HS","SB","","Block 2"
"86","2026","Dec",2025-12-10,"Chinook Salmon","late-fall","O-9","HS","AC, JI","D2",27.7,132,"A23A",2025-12-04,"2:52",172,"1:35",95,"2:50",170,"",NA,"Block 2 NA","I-3","HS","SB","","Block 2"
"87","2026","Dec",2025-12-10,"Chinook Salmon","late-fall","O-9","AC","HS, JI","D3",30.9,134,"957C",2025-12-04,"2:45",165,"1:19",79,"4:09",249,"",NA,"Block 2 NA","I-3","HS","SB","","Block 2"
"88","2026","Dec",2025-12-10,"Chinook Salmon","late-fall","O-9","AC","HS, JI","D4",22.2,119,"9613",2025-12-04,"3:04",184,"1:30",90,"2:18",138,"",NA,"Block 2 NA","I-3","HS","SB","","Block 2"
"89","2026","Jan",2026-01-05,"Chinook Salmon","late-fall","O-4","HS","AC, JI","D1",21.9,121,"95E9",2026-01-02,"2:58",178,"1:45",105,"1:00",60,"",NA,"Block 3 NA","I-3","HS","SB","","Block 3"
"90","2026","Jan",2026-01-05,"Chinook Salmon","late-fall","O-4","HS","AC, JI","D2",32.6,137,"24EA",2026-01-02,"2:44",164,"1:08",68,"5:46",346,"",NA,"Block 3 NA","I-3","HS","SB","","Block 3"
"91","2026","Jan",2026-01-05,"Chinook Salmon","late-fall","O-4","AC","HS, JI","D3",49.2,158,"96D8",2026-01-02,"3:26",206,"1:55",115,"3:39",219,"jumpy, tag insertion was perpendicular",NA,"Block 3 NA","I-3","HS","SB","","Block 3"
"92","2026","Jan",2026-01-05,"Chinook Salmon","late-fall","O-4","AC","HS, JI","D4",33.3,136,"A284",2026-01-02,"3:06",186,"1:33",93,"4:51",291,"",NA,"Block 3 NA","I-3","HS","SB","","Block 3"
"93","2026","Jan",2026-01-06,"Chinook Salmon","late-fall","O-5","HS","AC, AK","D1",50.4,153,"2568",2026-01-02,"2:49",169,"1:10",70,"3:57",237,"",NA,"Block 3 NA","I-3","HS","SB","","Block 3"
"94","2026","Jan",2026-01-06,"Chinook Salmon","late-fall","O-5","HS","AC, AK","D2",67.8,170,"95BA",2026-01-02,"2:44",164,"1:08",68,"4:18",258,"",NA,"Block 3 NA","I-3","HS","SB","","Block 3"
"95","2026","Jan",2026-01-06,"Chinook Salmon","late-fall","O-5","AC","HS, AK","D3",35.3,143,"9362",2026-01-02,"2:47",167,"1:06",66,"2:38",158,"",NA,"Block 3 NA","I-3","HS","SB","","Block 3"
"96","2026","Jan",2026-01-06,"Chinook Salmon","late-fall","O-5","AC","HS, AK","D4",46.3,150,"2176",2026-01-02,"2:59",179,"1:51",111,"2:44",164,"jumpy - jagged incision",NA,"Block 3 NA","I-3","HS","SB","","Block 3"
"97","2026","Jan",2026-01-07,"Chinook Salmon","late-fall","O-6","HS","AC, JI","D1",35.2,141,"94A4",2026-01-02,"2:14",134,"1:29",89,"2:52",172,"",NA,"Block 3 NA","I-3","HS","SB","","Block 3"
"98","2026","Jan",2026-01-07,"Chinook Salmon","late-fall","O-6","HS","AC, JI","D2",56.1,162,"A361",2026-01-02,"3:12",192,"1:13",73,"1:53",113,"",NA,"Block 3 NA","I-3","HS","SB","","Block 3"
"99","2026","Jan",2026-01-07,"Chinook Salmon","late-fall","O-6","AC","HS, AK","D3",30.7,132,"14B0",2026-01-02,"3:39",219,"1:33",93,"3:42",222,"",NA,"Block 3 NA","I-3","HS","SB","","Block 3"
"100","2026","Jan",2026-01-07,"Chinook Salmon","late-fall","O-6","AC","HS, AK","D4",29.2,131,"76ED",2026-01-02,"2:57",177,"1:27",87,"3:34",214,"",NA,"Block 3 NA","I-3","HS","SB","","Block 3"
"101","2026","Jan",2026-01-12,"Chinook Salmon","late-fall","O-4","HS","AC, AK","D1",40.6,145,"9CA1",2026-01-08,"3:14",194,"1:22",82,"1:35",95,"",NA,"Block 4 NA","I-3","HS","SB","","Block 4"
"102","2026","Jan",2026-01-12,"Chinook Salmon","late-fall","O-4","HS","AC, AK","D2",54.4,168,"9F56",2026-01-08,"3:22",202,"1:50",110,"1:35",95,"",NA,"Block 4 NA","I-3","HS","SB","","Block 4"
"103","2026","Jan",2026-01-12,"Chinook Salmon","late-fall","O-4","AC","HS, AK","D3",11.2,96,"9613",2026-01-08,"3:43",223,"1:11",71,"3:26",206,"",NA,"Block 4 NA","I-3","HS","SB","","Block 4"
"104","2026","Jan",2026-01-12,"Chinook Salmon","late-fall","O-4","AC","HS, AK","D4",32.8,139,"16C6",2026-01-08,"3:23",203,"1:15",75,"3:37",217,"",NA,"Block 4 NA","I-3","HS","SB","","Block 4"
"105","2026","Jan",2026-01-13,"Chinook Salmon","late-fall","O-5","HS","AC, JI","D1",27.6,130,"1DD2",2026-01-08,"3:14",194,"1:07",67,"4:46",286,"",NA,"Block 4 NA","I-3","HS","SB","","Block 4"
"106","2026","Jan",2026-01-13,"Chinook Salmon","late-fall","O-5","HS","AC, JI","D2",47.5,152,"2055",2026-01-08,"3:25",205,"1:12",72,"3:22",202,"",NA,"Block 4 NA","I-3","HS","SB","","Block 4"
"107","2026","Jan",2026-01-13,"Chinook Salmon","late-fall","O-5","AC","HS, JI","D3",34.3,137,"2866",2026-01-08,"3:05",185,"1:32",92,"4:43",283,"jumpy",NA,"Block 4 NA","I-3","HS","SB","","Block 4"
"108","2026","Jan",2026-01-13,"Chinook Salmon","late-fall","O-5","AC","HS, JI","D4",40.7,145,"9484",2026-01-08,"2:47",167,"1:12",72,"3:53",233,"",NA,"Block 4 NA","I-3","HS","SB","","Block 4"
"109","2026","Jan",2026-01-14,"Chinook Salmon","late-fall","O-6","HS","AC, AK","D1",51,158,"A23A",2026-01-08,"2:39",159,"2:06",126,"3:39",219,"",NA,"Block 4 NA","I-3","HS","SB","","Block 4"
"110","2026","Jan",2026-01-14,"Chinook Salmon","late-fall","O-6","HS","AC, AK","D2",76.2,173,"2224",2026-01-08,"3:21",201,"1:16",76,"2:27",147,"",NA,"Block 4 NA","I-3","HS","SB","","Block 4"
"111","2026","Jan",2026-01-14,"Chinook Salmon","late-fall","O-6","AC","HS, AK","D3",58.3,165,"9DBD",2026-01-08,"3:39",219,"1:20",80,"4:11",251,"jumpy",NA,"Block 4 NA","I-3","HS","SB","","Block 4"
"112","2026","Jan",2026-01-14,"Chinook Salmon","late-fall","O-6","AC","HS, AK","D4",76.3,178,"957C",2026-01-08,"4:00",240,"1:32",92,"3:49",229,"",NA,"Block 4 NA","I-3","HS","SB","","Block 4"
"113","2026","Feb",2026-02-02,"Chinook Salmon","late-fall","O-5","HS","AC, AK","D1",34.2,142,"954F",2026-01-29,"3:19",199,"1:22",82,"3:42",222,"",NA,"Block 5 NA","I-2","SB","CY","","Block 5"
"114","2026","Feb",2026-02-02,"Chinook Salmon","late-fall","O-4","HS","AC, AK","D2",34.1,137,"9D25",2026-01-29,"2:44",164,"2:01",121,"2:25",145,"Jumpy - incision jagged",NA,"Block 5 NA","I-2","SB","CY","","Block 5"
"115","2026","Feb",2026-02-02,"Chinook Salmon","late-fall","O-4","AC","HS, AK","D3",28.5,132,"9354",2026-01-29,"3:15",195,"1:24",84,"2:07",127,"",NA,"Block 5 NA","I-2","SB","CY","","Block 5"
"116","2026","Feb",2026-02-02,"Chinook Salmon","late-fall","O-4","AC","HS, AK","D4",53.3,154,"9639",2026-01-29,"3:15",195,"1:36",96,"2:50",170,"",NA,"Block 5 NA","I-2","SB","CY","","Block 5"
"117","2026","Feb",2026-02-03,"Chinook Salmon","late-fall","O-5","HS","AC, AK","D1",30.1,134,"1D58",2026-01-29,"3:23",203,"1:20",80,"3:02",182,"",NA,"Block 5 NA","I-2","SB","CY","","Block 5"
"118","2026","Feb",2026-02-03,"Chinook Salmon","late-fall","O-5","HS","AC, AK","D2",83,183,"A359",2026-01-29,"2:49",169,"1:15",75,"3:26",206,"",NA,"Block 5 NA","I-2","SB","CY","","Block 5"
"119","2026","Feb",2026-02-03,"Chinook Salmon","late-fall","O-5","AC","HS, AK","D3",85.6,181,"2335",2026-01-29,"3:21",201,"1:06",66,"4:00",240,"",NA,"Block 5 NA","I-2","SB","CY","","Block 5"
"120","2026","Feb",2026-02-03,"Chinook Salmon","late-fall","O-5","AC","HS, AK","D4",26.3,130,"A0C9",2026-01-29,"2:52",172,"1:31",91,"4:36",276,"",NA,"Block 5 NA","I-2","SB","CY","","Block 5"
"121","2026","Feb",2026-02-04,"Chinook Salmon","late-fall","O-6","HS","AC, JI","D1",49.5,161,"250C",2026-01-29,"3:11",191,"1:50",110,"3:33",213,"",NA,"Block 5 NA","I-2","SB","CY","","Block 5"
"122","2026","Feb",2026-02-04,"Chinook Salmon","late-fall","O-6","HS","AC, JI","D2",30.6,136,"95B2",2026-01-29,"2:42",162,"1:24",84,"2:37",157,"",NA,"Block 5 NA","I-2","SB","CY","","Block 5"
"123","2026","Feb",2026-02-04,"Chinook Salmon","late-fall","O-6","AC","HS, JI","D3",47.5,156,"2864",2026-01-29,"3:47",227,"1:16",76,"2:35",155,"",NA,"Block 5 NA",NA,"SB","CY","","Block 5"
"124","2026","Feb",2026-02-04,"Chinook Salmon","late-fall","O-6","AC","HS, JI","D4",20.1,119,"A17D",2026-01-29,"3:46",226,"1:05",65,"4:28",268,"",NA,"Block 5 NA",NA,"SB","CY","","Block 5"
"125","2026","Feb",2026-02-09,"Chinook Salmon","late-fall","O-4","HS","AC, AK","D1",64.8,172,"6AF9",2026-02-05,"3:26",206,"1:22",82,"3:39",219,"tight suture",NA,"Block 6 NA","I-2","HS","SB","","Block 6"
"126","2026","Feb",2026-02-09,"Chinook Salmon","late-fall","O-4","HS","AC, AK","D2",67.7,171,"26A1",2026-02-05,"2:51",171,"1:24",84,"2:40",160,"jumped, jagged incision",NA,"Block 6 NA","I-2","HS","SB","","Block 6"
"127","2026","Feb",2026-02-09,"Chinook Salmon","late-fall","O-4","AC","HS, JI","D3",67,175,"1EDA",2026-02-05,"3:13",193,"1:18",78,"4:14",254,"",NA,"Block 6 NA","I-2","HS","SB","","Block 6"
"128","2026","Feb",2026-02-09,"Chinook Salmon","late-fall","O-4","AC","HS, JI","D4",46.6,157,"9B31",2026-02-05,"3:32",212,"1:34",94,"3:05",185,"",NA,"Block 6 NA","I-2","HS","SB","","Block 6"
"129","2026","Feb",2026-02-10,"Chinook Salmon","late-fall","O-5","HS","AC, AK","D1",42.9,147,"9B9B",2026-02-05,"2:35",155,"1:59",119,"3:42",222,"2 sutures, jumpy",NA,"Block 6 NA","I-2","HS","SB","","Block 6"
"130","2026","Feb",2026-02-10,"Chinook Salmon","late-fall","O-5","HS","AC, AK","D2",69.3,168,"93B4",2026-02-05,"2:22",142,"1:10",70,"3:48",228,"jumped, crooked incision",NA,"Block 6 NA","I-2","HS","SB","","Block 6"
"131","2026","Feb",2026-02-10,"Chinook Salmon","late-fall","O-5","AC","HS, AK","D3",100,195,"9B67",2026-02-05,"3:47",227,"1:19",79,"3:20",200,"",NA,"Block 6 NA","I-2","HS","SB","","Block 6"
"132","2026","Feb",2026-02-10,"Chinook Salmon","late-fall","O-5","AC","HS, AK","D4",57.8,165,"2496",2026-02-05,"3:22",202,"1:37",97,"3:57",237,"",NA,"Block 6 NA","I-2","HS","SB","","Block 6"
"133","2026","Feb",2026-02-11,"Chinook Salmon","late-fall","O-6","HS","AC, AK","D1",66.1,174,"23A9",2026-02-05,"4:02",242,"1:12",72,"4:01",241,"",NA,"Block 6 NA","I-2","HS","SB","","Block 6"
"134","2026","Feb",2026-02-11,"Chinook Salmon","late-fall","O-6","HS","MRD, AK","D2",116,207,"9715",2026-02-05,"3:38",218,"1:17",77,"2:15",135,"",NA,"Block 6 NA","I-2","HS","SB","","Block 6"
"135","2026","Feb",2026-02-11,"Chinook Salmon","late-fall","O-6","HS","MRD, AK","D3",53.4,162,"1D28",2026-02-05,"3:11",191,"1:02",62,"3:13",193,"",NA,"Block 6 NA","I-2","HS","SB","","Block 6"
"136","2026","Feb",2026-02-11,"Chinook Salmon","late-fall","O-6","HS","MRD, AK","D4",62.9,173,"153E",2026-02-05,"2:56",176,"1:00",60,"3:11",191,"",NA,"Block 6 NA","I-2","HS","SB","","Block 6"
"137","2026","Apr",2026-04-20,"Chinook Salmon","fall","O-5","HS","AC, AK","D1",7.7,79,"151C",2026-04-16,"1:42",102,"1:23",83,"2:29",149,"",NA,"Block 7 NA","I-3","BP","SB","","Block 7"
"138","2026","Apr",2026-04-20,"Chinook Salmon","fall","O-5","HS","AC, AK","D2",5.5,76,"951B",2026-04-16,"2:10",130,"1:39",99,"1:08",68,"",NA,"Block 7 NA","I-3","BP","SB","","Block 7"
"139","2026","Apr",2026-04-20,"Chinook Salmon","fall","O-5","AC","HS, AK","D3",7.9,87,"02B6",2026-04-16,"2:40",160,"1:32",92,"0:58",58,"",NA,"Block 7 NA","I-3","BP","SB","","Block 7"
"140","2026","Apr",2026-04-20,"Chinook Salmon","fall","O-5","AC","HS, AK","D4",6.1,80,"9527",2026-04-16,"3:14",194,"1:32",92,"0:46",46,"",NA,"Block 7 NA","I-3","BP","SB","","Block 7"
"141","2026","Apr",2026-04-21,"Chinook Salmon","fall","O-6","AC","AK","D1",7.1,83,"6B43",2026-04-16,"2:24",144,"1:48",108,"0:47",47,"","RT-I-3","Block 7 RT-I-3","O-1","BP","SB","","Block 7"
"142","2026","Apr",2026-04-21,"Chinook Salmon","fall","O-6","AC","AK","D2",6.7,81,"2A02",2026-04-16,"2:00",120,"1:44",104,"0:50",50,"","RT-I-3","Block 7 RT-I-3","O-2","BP","SB","","Block 7"
"143","2026","Apr",2026-04-21,"Chinook Salmon","fall","O-6","AC","AK","D3",6.8,84,"9634",2026-04-16,"2:03",123,"1:16",76,"1:50",110,"",NA,"Block 7 NA","I-3","BP","SB","","Block 7"
"144","2026","Apr",2026-04-21,"Chinook Salmon","fall","O-6","AC","AK","D4",11.4,96,"9B7B",2026-04-16,"2:06",126,"1:24",84,"1:25",85,"",NA,"Block 7 NA","I-3","BP","SB","","Block 7"
"145","2026","Apr",2026-04-22,"Chinook Salmon","fall","O-5","AC","BP, JI","D1",9.4,90,"6AF2",2026-04-16,"2:36",156,"1:17",77,"2:53",173,"",NA,"Block 7 NA","I-3","BP","SB","","Block 7"
"146","2026","Apr",2026-04-22,"Chinook Salmon","fall","O-5","AC","BP, JI","D2",7.2,87,"1DB4",2026-04-16,"2:16",136,"1:20",80,"2:48",168,"",NA,"Block 7 NA","I-3","BP","SB","","Block 7"
"147","2026","Apr",2026-04-22,"Chinook Salmon","fall","O-5","AC","BP, JI","D3",8.7,92,"21C5",2026-04-16,"2:30",150,"1:26",86,"1:08",68,"",NA,"Block 7 NA","I-3","BP","SB","","Block 7"
"148","2026","Apr",2026-04-22,"Chinook Salmon","fall","O-5","AC","BP, JI","D4",8,87,"2196",2026-04-16,"2:32",152,"1:47",107,"2:37",157,"",NA,"Block 7 NA","I-3","BP","SB","","Block 7"
"149","2026","Apr",2026-04-27,"Chinook Salmon","fall","O-5","HS","AC, AK","D1",7.5,85,"A42C",2026-04-23,"2:23",143,"1:28",88,"2:06",126,"",NA,"Block 8 NA","I-3","HS","SB","","Block 8"
"150","2026","Apr",2026-04-27,"Chinook Salmon","fall","O-5","HS","AC, AK","D2",9.5,92,"250A",2026-04-23,"1:58",118,"1:11",71,"1:21",81,"",NA,"Block 8 NA","I-3","HS","SB","","Block 8"
"151","2026","Apr",2026-04-27,"Chinook Salmon","fall","O-5","AC","HS, AK","D3",9.9,90,"69AB",2026-04-23,"2:35",155,"1:25",85,"2:22",142,"",NA,"Block 8 NA","I-3","HS","SB","","Block 8"
"152","2026","Apr",2026-04-27,"Chinook Salmon","fall","O-5","AC","HS, AK","D4",9.3,90,"A449",2026-04-23,"2:34",154,"1:22",82,"0:16",16,"fins a bit frayed",NA,"Block 8 NA","I-3","HS","SB","","Block 8"
"153","2026","Apr",2026-04-28,"Chinook Salmon","fall","O-6","HS","AC, JI","D1",12.2,98,"9B64",2026-04-23,"2:18",138,"1:32",92,"1:42",102,"",NA,"Block 8 NA","I-3","HS","SB","","Block 8"
"154","2026","Apr",2026-04-28,"Chinook Salmon","fall","O-6","HS","AC, JI","D2",10.7,95,"6151",2026-04-23,"1:44",104,"1:23",83,"1:40",100,"",NA,"Block 8 NA","I-3","HS","SB","","Block 8"
"155","2026","Apr",2026-04-28,"Chinook Salmon","fall","O-6","AC","HS, JI","D3",10.4,95,"9496",2026-04-23,"2:21",141,"1:14",74,"2:49",169,"",NA,"Block 8 NA","I-3","HS","SB","","Block 8"
"156","2026","Apr",2026-04-28,"Chinook Salmon","fall","O-6","AC","HS, JI","D4",8,88,"16E2",2026-04-23,"2:19",139,"1:29",89,"1:39",99,"",NA,"Block 8 NA","I-3","HS","SB","","Block 8"
"157","2026","Apr",2026-04-29,"Chinook Salmon","fall","O-5","HS","AC, JI","D1",8.2,90,"60B2",2026-04-23,"2:08",128,"2:44",164,"2:35",155,"",NA,"Block 8 NA","I-3","HS","SB","","Block 8"
"158","2026","Apr",2026-04-29,"Chinook Salmon","fall","O-5","HS","AC, JI","D2",7.1,87,"EBA7",2026-04-23,"1:50",110,"1:16",76,"2:24",144,"",NA,"Block 8 NA","I-3","HS","SB","","Block 8"
"159","2026","Apr",2026-04-29,"Chinook Salmon","fall","O-5","AC","HS, AK","D3",9.3,95,"16E4",2026-04-23,"1:53",113,"1:15",75,"1:44",104,"",NA,"Block 8 NA","I-3","HS","SB","","Block 8"
"160","2026","Apr",2026-04-29,"Chinook Salmon","fall","O-5","AC","HS, AK","D4",7.6,89,"E174",2026-04-23,"2:24",144,"1:27",87,"1:11",71,"",NA,"Block 8 NA","I-3","HS","SB","","Block 8"
