"","water_year","month","date","species","run","source_tank_id","surgeon","crew","vial_number","weight_gr","fork_length_mm","tag_id_hex","tag_activation_date","anesthetic_time_mmss","anesthetic_time_sec","surgery_time_mmss","surgery_time_sec","recovery_time_mmss","recovery_time_sec","comments","release_container_id","release_id","post_tagging_tank","entered_by","qaqc_by","qaqc_comments"
"1","2024","Apr",2024-04-16,"Chinook Salmon","fall","BT-1","NJ","KB, CY","1",5,78,"945A",2024-04-12,"1:05",65,"1:45",105,"2:32",152,"","RT-1","2024-04-17 RT-1",NA,"PH","EH",""
"2","2024","Apr",2024-04-16,"Chinook Salmon","fall","BT-1","NJ","KB, CY","2",9.5,95,"94BF",2024-04-12,"1:53",113,"1:33",93,"1:33",93,"","RT-1","2024-04-17 RT-1",NA,"PH","EH",""
"3","2024","Apr",2024-04-16,"Chinook Salmon","fall","BT-1","NJ","KB, CY","3",9.6,93,"93A1",2024-04-12,"3:08",188,"1:38",98,"2:30",150,"","RT-1","2024-04-17 RT-1",NA,"PH","EH",""
"4","2024","Apr",2024-04-16,"Chinook Salmon","fall","BT-1","NJ","KB, CY","4",7.7,94,"92F9",2024-04-12,"2:15",135,"2:05",125,"2:30",150,"","RT-1","2024-04-17 RT-1",NA,"PH","EH",""
"5","2024","Apr",2024-04-16,"Chinook Salmon","fall","BT-1","NJ","KB, CY","5",11.3,99,"9488",2024-04-12,"2:01",121,"2:16",136,"1:02",62,"","RT-1","2024-04-17 RT-1",NA,"PH","EH",""
"6","2024","Apr",2024-04-16,"Chinook Salmon","fall","BT-1","NJ","KB, CY","6",8.9,94,"9C52",2024-04-12,"3:06",186,"1:29",89,"2:30",150,"","RT-1","2024-04-17 RT-1",NA,"PH","EH",""
"7","2024","Apr",2024-04-16,"Chinook Salmon","fall","BT-1","NJ","KB, CY","7",9.9,96,"93DD",2024-04-12,"1:55",115,"1:45",105,"1:30",90,"","RT-1","2024-04-17 RT-1",NA,"PH","EH",""
"8","2024","Apr",2024-04-16,"Chinook Salmon","fall","BT-1","NJ","KB, CY","8",7.4,88,"9432",2024-04-12,"2:01",121,"1:24",84,"1:40",100,"","RT-1","2024-04-17 RT-1",NA,"PH","EH",""
"9","2024","Apr",2024-04-16,"Chinook Salmon","fall","BT-1","NJ","KB, CY","9",8.7,92,"9419",2024-04-12,"2:58",178,"1:58",118,"3:05",185,"","RT-1","2024-04-17 RT-1",NA,"PH","EH",""
"10","2024","Apr",2024-04-16,"Chinook Salmon","fall","BT-1","NJ","KB, CY","10",8,91,"9446",2024-04-12,"2:32",152,"1:55",115,"2:30",150,"","RT-1","2024-04-17 RT-1",NA,"PH","EH",""
"11","2024","Apr",2024-04-16,"Chinook Salmon","fall","BT-1","NJ","KB, CY","11",8.3,90,"936C",2024-04-12,"1:34",94,"2:03",123,"3:00",180,"","RT-2","2024-04-17 RT-2",NA,"PH","EH",""
"12","2024","Apr",2024-04-16,"Chinook Salmon","fall","BT-1","NJ","KB, CY","12",6.8,81,"9B6F",2024-04-12,"2:53",173,"1:58",118,"1:26",86,"","RT-2","2024-04-17 RT-2",NA,"PH","EH",""
"13","2024","Apr",2024-04-16,"Chinook Salmon","fall","BT-1","NJ","KB, CY","13",6.2,80,"92D4",2024-04-12,"2:18",138,"1:40",100,"1:00",60,"","RT-2","2024-04-17 RT-2",NA,"PH","EH",""
"14","2024","Apr",2024-04-16,"Chinook Salmon","fall","BT-1","NJ","KB, CY","14",8.8,90,"9431",2024-04-12,"1:54",114,"1:17",77,"1:20",80,"","RT-2","2024-04-17 RT-2",NA,"PH","EH",""
"15","2024","Apr",2024-04-16,"Chinook Salmon","fall","BT-1","NJ","KB, CY","15",8.2,87,"92F4",2024-04-12,"1:26",86,"1:45",105,"1:21",81,"","RT-2","2024-04-17 RT-2",NA,"PH","EH",""
"16","2024","Apr",2024-04-16,"Chinook Salmon","fall","BT-1","NJ","KB, CY","16",11.4,100,"937B",2024-04-12,"1:27",87,"1:32",92,"1:30",90,"","RT-2","2024-04-17 RT-2",NA,"PH","EH",""
"17","2024","Apr",2024-04-16,"Chinook Salmon","fall","BT-1","NJ","KB, CY","17",9,93,"9379",2024-04-12,"1:19",79,"1:43",103,"2:00",120,"","RT-2","2024-04-17 RT-2",NA,"PH","EH",""
"18","2024","Apr",2024-04-16,"Chinook Salmon","fall","BT-1","NJ","KB, CY","18",8.1,89,"934D",2024-04-12,"2:16",136,"1:36",96,"1:45",105,"","RT-2","2024-04-17 RT-2",NA,"PH","EH",""
"19","2024","Apr",2024-04-16,"Chinook Salmon","fall","BT-1","NJ","KB, CY","19",10.3,95,"92C4",2024-04-12,"2:08",128,"1:27",87,"1:30",90,"","RT-2","2024-04-17 RT-2",NA,"PH","EH",""
"20","2024","Apr",2024-04-16,"Chinook Salmon","fall","BT-1","NJ","KB, CY","20",9.3,95,"94CB",2024-04-12,"2:50",170,"1:56",116,"1:30",90,"","RT-2","2024-04-17 RT-2",NA,"PH","EH",""
"21","2024","Apr",2024-04-16,"Chinook Salmon","fall","BT-1","NJ","KB, CY","21",6.8,85,"9361",2024-04-12,"1:48",108,"1:59",119,"1:30",90,"","RT-3","2024-04-17 RT-3",NA,"PH","EH",""
"22","2024","Apr",2024-04-16,"Chinook Salmon","fall","BT-1","NJ","KB, CY","22",8.8,92,"9321",2024-04-12,"2:03",123,"1:50",110,"2:34",154,"","RT-3","2024-04-17 RT-3",NA,"PH","EH",""
"23","2024","Apr",2024-04-16,"Chinook Salmon","fall","BT-1","NJ","KB, CY","23",9.5,91,"9B32",2024-04-12,"1:58",118,"1:29",89,"3:00",180,"","RT-3","2024-04-17 RT-3",NA,"PH","EH",""
"24","2024","Apr",2024-04-16,"Chinook Salmon","fall","BT-1","NJ","KB, CY","24",12.6,100,"9BC5",2024-04-12,"2:20",140,"2:41",161,"3:00",180,"","RT-3","2024-04-17 RT-3",NA,"PH","EH",""
"25","2024","Apr",2024-04-16,"Chinook Salmon","fall","BT-1","NJ","KB, CY","25",8.6,91,"9B74",2024-04-12,"3:13",193,"1:28",88,"3:00",180,"","RT-3","2024-04-17 RT-3",NA,"PH","EH",""
"26","2024","Apr",2024-04-16,"Chinook Salmon","fall","BT-1","NJ","KB, CY","26",5.5,77,"933B",2024-04-12,"3:10",190,"1:48",108,"2:30",150,"","RT-3","2024-04-17 RT-3",NA,"PH","EH",""
"27","2024","Apr",2024-04-16,"Chinook Salmon","fall","BT-1","NJ","KB, CY","27",9.4,97,"948E",2024-04-12,"2:10",130,"1:50",110,"2:00",120,"","RT-3","2024-04-17 RT-3",NA,"PH","EH",""
"28","2024","Apr",2024-04-16,"Chinook Salmon","fall","BT-1","NJ","KB, CY","28",7.1,85,"9288",2024-04-12,"2:13",133,"1:49",109,"1:17",77,"","RT-3","2024-04-17 RT-3",NA,"PH","EH",""
"29","2024","Apr",2024-04-16,"Chinook Salmon","fall","BT-1","NJ","KB, CY","29",9.9,96,"9327",2024-04-12,"1:51",111,"1:51",111,"1:06",66,"","RT-3","2024-04-17 RT-3",NA,"PH","EH",""
"30","2024","Apr",2024-04-16,"Chinook Salmon","fall","BT-1","NJ","KB, CY","30",9,88,"9394",2024-04-12,"2:30",150,"1:26",86,"3:02",182,"","RT-3","2024-04-17 RT-3",NA,"PH","EH",""
"31","2024","Apr",2024-04-16,"Chinook Salmon","fall","BT-1","NJ","KB, CY","31",8.9,91,"9352",2024-04-12,"1:47",107,"1:44",104,"1:36",96,"","RT-4","2024-04-17 RT-4",NA,"PH","EH",""
"32","2024","Apr",2024-04-16,"Chinook Salmon","fall","BT-1","NJ","KB, CY","32",7.6,86,"935B",2024-04-12,"1:53",113,"1:40",100,"2:00",120,"","RT-4","2024-04-17 RT-4",NA,"PH","EH",""
"33","2024","Apr",2024-04-16,"Chinook Salmon","fall","BT-1","NJ","KB, CY","33",8.7,91,"92F3",2024-04-12,"2:18",138,"1:58",118,"1:08",68,"","RT-4","2024-04-17 RT-4",NA,"PH","EH",""
"34","2024","Apr",2024-04-16,"Chinook Salmon","fall","BT-1","NJ","KB, CY","34",12.7,102,"949B",2024-04-12,"2:32",152,"1:26",86,"2:17",137,"","RT-4","2024-04-17 RT-4",NA,"PH","EH",""
"35","2024","Apr",2024-04-16,"Chinook Salmon","fall","BT-1","NJ","KB, CY","35",9.3,91,"92E9",2024-04-12,"1:18",78,"1:25",85,"1:30",90,"","RT-4","2024-04-17 RT-4",NA,"PH","EH",""
"36","2024","Apr",2024-04-16,"Chinook Salmon","fall","BT-1","NJ","KB, CY","36",8.8,90,"94B4",2024-04-12,"1:53",113,"1:48",108,"1:05",65,"","RT-4","2024-04-17 RT-4",NA,"PH","EH","tag entered as 93B4, changed to 94B4"
"37","2024","Apr",2024-04-16,"Chinook Salmon","fall","BT-1","NJ","KB, CY","37",9.1,92,"92BF",2024-04-12,"1:47",107,"2:13",133,"1:05",65,"","RT-4","2024-04-17 RT-4",NA,"PH","EH",""
"38","2024","Apr",2024-04-16,"Chinook Salmon","fall","BT-1","NJ","KB, CY","38",7.2,83,"92F1",2024-04-12,"2:13",133,"1:49",109,"2:31",151,"","RT-4","2024-04-17 RT-4",NA,"PH","EH",""
"39","2024","Apr",2024-04-16,"Chinook Salmon","fall","BT-1","NJ","KB, CY","39",5.3,79,"934A",2024-04-12,"1:32",92,"2:00",120,"1:56",116,"","RT-4","2024-04-17 RT-4",NA,"PH","EH",""
"40","2024","Apr",2024-04-16,"Chinook Salmon","fall","BT-1","NJ","KB, CY","40",7.2,87,"9454",2024-04-12,"2:12",132,"1:18",78,"1:06",66,"","RT-4","2024-04-17 RT-4",NA,"PH","EH",""
"41","2024","Apr",2024-04-16,"Chinook Salmon","fall","BT-1","CY","KB, NJ","41",8.9,90,"9319",2024-04-12,"1:16",76,"3:47",227,"2:22",142,"","RT-5","2024-04-17 RT-5",NA,"PH","EH",""
"42","2024","Apr",2024-04-16,"Chinook Salmon","fall","BT-1","CY","KB, NJ","42",9.5,94,"9313",2024-04-12,"3:45",225,"3:31",211,"2:30",150,"","RT-5","2024-04-17 RT-5",NA,"PH","EH",""
"43","2024","Apr",2024-04-16,"Chinook Salmon","fall","BT-1","CY","KB, NJ","43",8.3,93,"9498",2024-04-12,"3:34",214,"3:15",195,"1:45",105,"","RT-5","2024-04-17 RT-5",NA,"PH","EH",""
"44","2024","Apr",2024-04-16,"Chinook Salmon","fall","BT-1","CY","KB, NJ","44",9,94,"9B39",2024-04-12,"3:47",227,"2:41",161,"1:58",118,"","RT-5","2024-04-17 RT-5",NA,"PH","EH",""
"45","2024","Apr",2024-04-16,"Chinook Salmon","fall","BT-1","CY","KB, NJ","45",12.6,102,"94A7",2024-04-12,"1:50",110,"2:25",145,"2:22",142,"","RT-5","2024-04-17 RT-5",NA,"PH","EH",""
"46","2024","Apr",2024-04-16,"Chinook Salmon","fall","BT-1","CY","KB, NJ","46",10.2,96,"944F",2024-04-12,"3:00",180,"2:52",172,"2:20",140,"","RT-5","2024-04-17 RT-5",NA,"PH","EH",""
"47","2024","Apr",2024-04-16,"Chinook Salmon","fall","BT-1","CY","KB, NJ","47",9.4,91,"9B68",2024-04-12,"2:30",150,"2:27",147,"2:45",165,"","RT-5","2024-04-17 RT-5",NA,"PH","EH",""
"48","2024","Apr",2024-04-16,"Chinook Salmon","fall","BT-1","CY","KB, NJ","48",9,93,"9497",2024-04-12,"2:23",143,"2:16",136,"2:03",123,"","RT-5","2024-04-17 RT-5",NA,"PH","EH",""
"49","2024","Apr",2024-04-16,"Chinook Salmon","fall","BT-1","CY","KB, NJ","49",8.3,86,"9367",2024-04-12,"2:46",166,"2:30",150,"2:25",145,"","RT-5","2024-04-17 RT-5",NA,"PH","EH",""
"50","2024","Apr",2024-04-16,"Chinook Salmon","fall","BT-1","CY","KB, NJ","50",7.5,88,"928C",2024-04-12,"2:09",129,"2:28",148,"1:41",101,"","RT-5","2024-04-17 RT-5",NA,"PH","EH",""
"51","2024","Apr",2024-04-16,"Chinook Salmon","fall","BT-1","CY","KB, NJ","51",8.2,92,"92A4",2024-04-12,"2:19",139,"2:00",120,"2:17",137,"","RT-6","2024-04-17 RT-6",NA,"PH","EH",""
"52","2024","Apr",2024-04-16,"Chinook Salmon","fall","BT-1","CY","KB, NJ","52",10.1,96,"93E5",2024-04-12,"2:22",142,"2:21",141,"1:02",62,"","RT-6","2024-04-17 RT-6",NA,"PH","EH",""
"53","2024","Apr",2024-04-16,"Chinook Salmon","fall","BT-1","CY","KB, NJ","53",6.8,84,"9BA2",2024-04-12,"3:00",180,"2:11",131,"2:03",123,"","RT-6","2024-04-17 RT-6",NA,"PH","EH",""
"54","2024","Apr",2024-04-16,"Chinook Salmon","fall","BT-1","CY","KB, NJ","54",7.8,85,"9298",2024-04-12,"1:41",101,"2:12",132,"2:47",167,"","RT-6","2024-04-17 RT-6",NA,"PH","EH",""
"55","2024","Apr",2024-04-16,"Chinook Salmon","fall","BT-1","CY","KB, NJ","55",7.6,90,"9BB3",2024-04-12,"1:32",92,"2:22",142,"1:30",90,"","RT-6","2024-04-17 RT-6",NA,"PH","EH",""
"56","2024","Apr",2024-04-16,"Chinook Salmon","fall","BT-1","CY","KB, NJ","56",12,102,"932D",2024-04-12,"2:32",152,"2:04",124,"2:00",120,"","RT-6","2024-04-17 RT-6",NA,"PH","EH","tag entered as 9320, changed to 932D"
"57","2024","Apr",2024-04-16,"Chinook Salmon","fall","BT-1","CY","KB, NJ","57",9.8,97,"9316",2024-04-12,"2:23",143,"1:55",115,"2:15",135,"","RT-6","2024-04-17 RT-6",NA,"PH","EH",""
"58","2024","Apr",2024-04-16,"Chinook Salmon","fall","BT-1","CY","KB, NJ","58",9.8,95,"9336",2024-04-12,"2:12",132,"3:02",182,"2:08",128,"","RT-6","2024-04-17 RT-6",NA,"PH","EH",""
"59","2024","Apr",2024-04-16,"Chinook Salmon","fall","BT-1","CY","KB, NJ","59",5.4,78,"93B3",2024-04-12,"3:28",208,"2:33",153,"2:50",170,"","RT-6","2024-04-17 RT-6",NA,"PH","EH",""
"60","2024","Apr",2024-04-16,"Chinook Salmon","fall","BT-1","CY","KB, NJ","60",7.5,90,"92A0",2024-04-12,"2:55",175,"1:59",119,"2:10",130,"","RT-6","2024-04-17 RT-6",NA,"PH","EH",""
"61","2024","Apr",2024-04-16,"Chinook Salmon","fall","BT-1","CY","KB, NJ","61",6.2,83,"936E",2024-04-12,"1:52",112,"2:28",148,"2:45",165,"","RT-7","2024-04-17 RT-7",NA,"PH","EH",""
"62","2024","Apr",2024-04-16,"Chinook Salmon","fall","BT-1","CY","KB, NJ","62",10.3,94,"9391",2024-04-12,"2:40",160,"2:12",132,"3:50",230,"","RT-7","2024-04-17 RT-7",NA,"PH","EH",""
"63","2024","Apr",2024-04-16,"Chinook Salmon","fall","BT-1","CY","KB, NJ","63",7.5,92,"9BAD",2024-04-12,"2:18",138,"2:14",134,"2:08",128,"","RT-7","2024-04-17 RT-7",NA,"PH","EH",""
"64","2024","Apr",2024-04-16,"Chinook Salmon","fall","BT-1","CY","KB, NJ","64",7.6,89,"9459",2024-04-12,"2:39",159,"2:11",131,"3:00",180,"","RT-7","2024-04-17 RT-7",NA,"PH","EH",""
"65","2024","Apr",2024-04-16,"Chinook Salmon","fall","BT-1","CY","KB, NJ","65",8.2,90,"9B8A",2024-04-12,"2:42",162,"2:07",127,"4:00",240,"","RT-7","2024-04-17 RT-7",NA,"PH","EH",""
"66","2024","Apr",2024-04-16,"Chinook Salmon","fall","BT-1","CY","KB, NJ","66",7.2,89,"9C56",2024-04-12,"2:26",146,"2:42",162,"3:30",210,"","RT-7","2024-04-17 RT-7",NA,"PH","EH",""
"67","2024","Apr",2024-04-16,"Chinook Salmon","fall","BT-1","CY","KB, NJ","67",7.7,88,"92E3",2024-04-16,"2:20",140,"2:15",135,"2:40",160,"","RT-7","2024-04-17 RT-7",NA,"PH","EH",""
"68","2024","Apr",2024-04-16,"Chinook Salmon","fall","BT-1","CY","KB, NJ","68",8.9,93,"9B92",2024-04-12,"2:40",160,"1:57",117,"1:38",98,"","RT-7","2024-04-17 RT-7",NA,"PH","EH",""
"69","2024","Apr",2024-04-16,"Chinook Salmon","fall","BT-1","CY","KB, NJ","69",9.5,93,"9C5A",2024-04-12,"2:15",135,"2:03",123,"1:38",98,"","RT-7","2024-04-17 RT-7",NA,"PH","EH",""
"70","2024","Apr",2024-04-16,"Chinook Salmon","fall","BT-1","CY","KB, NJ","70",5.2,79,"9BBD",2024-04-12,"2:32",152,"2:23",143,"2:27",147,"","RT-7","2024-04-17 RT-7",NA,"PH","EH",""
"71","2024","Apr",2024-04-16,"Chinook Salmon","fall","BT-1","CY","KB, NJ","71",10.4,96,"92CD",2024-04-12,"2:02",122,"2:10",130,"3:00",180,"","RT-8","2024-04-17 RT-8",NA,"PH","EH",""
"72","2024","Apr",2024-04-16,"Chinook Salmon","fall","BT-1","CY","KB, NJ","72",4.4,77,"9311",2024-04-12,"2:15",135,"2:32",152,"2:05",125,"","RT-8","2024-04-17 RT-8",NA,"PH","EH",""
"73","2024","Apr",2024-04-16,"Chinook Salmon","fall","BT-1","CY","KB, NJ","73",5.4,86,"936A",2024-04-12,"2:19",139,"2:15",135,"1:58",118,"","RT-8","2024-04-17 RT-8",NA,"PH","EH",""
"74","2024","Apr",2024-04-16,"Chinook Salmon","fall","BT-1","CY","KB, NJ","74",9.7,95,"9B5B",2024-04-12,"3:03",183,"2:25",145,"1:06",66,"","RT-8","2024-04-17 RT-8",NA,"PH","EH",""
"75","2024","Apr",2024-04-16,"Chinook Salmon","fall","BT-1","CY","KB, NJ","75",8,92,"9B69",2024-04-12,"2:43",163,"2:23",143,"1:43",103,"","RT-8","2024-04-17 RT-8",NA,"PH","EH",""
"76","2024","Apr",2024-04-16,"Chinook Salmon","fall","BT-1","CY","KB, NJ","76",5,79,"942D",2024-04-12,"2:56",176,"2:36",156,"2:45",165,"","RT-8","2024-04-17 RT-8",NA,"PH","EH",""
"77","2024","Apr",2024-04-16,"Chinook Salmon","fall","BT-1","CY","KB, NJ","77",6.7,83,"932C",2024-04-12,"2:36",156,"2:04",124,"2:30",150,"","RT-8","2024-04-17 RT-8",NA,"PH","EH",""
"78","2024","Apr",2024-04-16,"Chinook Salmon","fall","BT-1","CY","KB, NJ","78",8.1,89,"9392",2024-04-12,"2:31",151,"2:10",130,"2:19",139,"","RT-8","2024-04-17 RT-8",NA,"PH","EH",""
"79","2024","Apr",2024-04-16,"Chinook Salmon","fall","BT-1","CY","KB, NJ","79",9.4,94,"9B53",2024-04-12,"2:39",159,"2:37",157,"1:02",62,"","RT-8","2024-04-17 RT-8",NA,"PH","EH",""
"80","2024","Apr",2024-04-16,"Chinook Salmon","fall","BT-1","CY","KB, NJ","80",4.3,82,"92EF",2024-04-12,"3:10",190,"2:03",123,"1:25",85,"","RT-8","2024-04-17 RT-8",NA,"PH","EH",""
"81","2024","Apr",2024-04-17,"Chinook Salmon","fall","BT-2","NJ","CY, CR, TA","1",11.7,97,"9487",2024-04-12,"2:40",160,"2:12",132,"1:13",73,"","RT-9","2024-04-18 RT-9",NA,"EH","PH",""
"82","2024","Apr",2024-04-17,"Chinook Salmon","fall","BT-2","NJ","CY, CR, TA","2",7.8,88,"9371",2024-04-12,"3:00",180,"1:48",108,"2:54",174,"","RT-9","2024-04-18 RT-9",NA,"EH","PH",""
"83","2024","Apr",2024-04-17,"Chinook Salmon","fall","BT-2","NJ","CY, CR, TA","3",10.3,92,"9369",2024-04-12,"2:28",148,"1:43",103,"2:44",164,"","RT-9","2024-04-18 RT-9",NA,"EH","PH",""
"84","2024","Apr",2024-04-17,"Chinook Salmon","fall","BT-2","NJ","CY, CR, TA","4",8.3,88,"9B37",2024-04-12,"2:14",134,"1:49",109,"3:20",200,"","RT-9","2024-04-18 RT-9",NA,"EH","PH",""
"85","2024","Apr",2024-04-17,"Chinook Salmon","fall","BT-2","NJ","CY, CR, TA","5",10.7,96,"9425",2024-04-12,"1:37",97,"2:18",138,"1:50",110,"","RT-9","2024-04-18 RT-9",NA,"EH","PH",""
"86","2024","Apr",2024-04-17,"Chinook Salmon","fall","BT-2","NJ","CY, CR, TA","6",11.8,97,"9417",2024-04-12,"2:24",144,"1:57",117,"2:07",127,"","RT-9","2024-04-18 RT-9",NA,"EH","PH",""
"87","2024","Apr",2024-04-17,"Chinook Salmon","fall","BT-2","NJ","CY, CR, TA","7",11.8,101,"940A",2024-04-12,"2:09",129,"1:45",105,"1:00",60,"","RT-9","2024-04-18 RT-9",NA,"EH","PH","Corrected weight"
"88","2024","Apr",2024-04-17,"Chinook Salmon","fall","BT-2","NJ","CY, CR, TA","8",6.9,82,"93B2",2024-04-12,"2:34",154,"1:55",115,"2:41",161,"","RT-9","2024-04-18 RT-9",NA,"EH","PH",""
"89","2024","Apr",2024-04-17,"Chinook Salmon","fall","BT-2","NJ","CY, CR, TA","9",9.6,96,"9C2A",2024-04-12,"2:13",133,"2:08",128,"1:00",60,"","RT-9","2024-04-18 RT-9",NA,"EH","PH",""
"90","2024","Apr",2024-04-17,"Chinook Salmon","fall","BT-2","NJ","CY, CR, TA","10",5.4,81,"92D8",2024-04-12,"2:41",161,"1:51",111,"1:00",60,"","RT-9","2024-04-18 RT-9",NA,"EH","PH",""
"91","2024","Apr",2024-04-17,"Chinook Salmon","fall","BT-2","NJ","CY, CR, TA","11",9.9,97,"9B2E",2024-04-12,"1:55",115,"1:36",96,"1:49",109,"","RT-10","2024-04-18 RT-10",NA,"EH","PH",""
"92","2024","Apr",2024-04-17,"Chinook Salmon","fall","BT-2","NJ","CY, CR, TA","12",9.4,87,"93D5",2024-04-12,"1:58",118,"1:26",86,"3:59",239,"","RT-10","2024-04-18 RT-10",NA,"EH","PH",""
"93","2024","Apr",2024-04-17,"Chinook Salmon","fall","BT-2","NJ","CY, CR, TA","13",9.7,94,"93A3",2024-04-12,"2:00",120,"1:20",80,"1:10",70,"","RT-10","2024-04-18 RT-10",NA,"EH","PH",""
"94","2024","Apr",2024-04-17,"Chinook Salmon","fall","BT-2","NJ","CY, CR, TA","14",7.9,87,"92E7",2024-04-12,"3:16",196,"1:47",107,"3:20",200,"","RT-10","2024-04-18 RT-10",NA,"EH","PH",""
"95","2024","Apr",2024-04-17,"Chinook Salmon","fall","BT-2","NJ","CY, CR, TA","15",7.1,89,"92F7",2024-04-12,"2:43",163,"1:33",93,"1:59",119,"","RT-10","2024-04-18 RT-10",NA,"EH","PH",""
"96","2024","Apr",2024-04-17,"Chinook Salmon","fall","BT-2","NJ","CY, CR, TA","16",9.2,89,"9326",2024-04-12,"2:46",166,"1:47",107,"1:30",90,"","RT-10","2024-04-18 RT-10",NA,"EH","PH",""
"97","2024","Apr",2024-04-17,"Chinook Salmon","fall","BT-2","NJ","CY, CR, TA","17",9.4,92,"9345",2024-04-12,"2:38",158,"1:25",85,"1:00",60,"","RT-10","2024-04-18 RT-10",NA,"EH","PH",""
"98","2024","Apr",2024-04-17,"Chinook Salmon","fall","BT-2","NJ","CY, CR, TA","18",9.2,93,"9325",2024-04-12,"2:01",121,"1:15",75,"1:29",89,"","RT-10","2024-04-18 RT-10",NA,"EH","PH",""
"99","2024","Apr",2024-04-17,"Chinook Salmon","fall","BT-2","NJ","CY, CR, TA","19",7.7,87,"946A",2024-04-12,"2:30",150,"1:21",81,"1:00",60,"","RT-10","2024-04-18 RT-10",NA,"EH","PH",""
"100","2024","Apr",2024-04-17,"Chinook Salmon","fall","BT-2","NJ","CY, CR, TA","20",9.1,90,"931B",2024-04-12,"2:03",123,"1:33",93,"1:00",60,"","RT-10","2024-04-18 RT-10",NA,"EH","PH",""
"101","2024","Apr",2024-04-17,"Chinook Salmon","fall","BT-2","NJ","CY, CR, TA","21",5,78,"9290",2024-04-12,"1:40",100,"1:26",86,"1:52",112,"","RT-11","2024-04-18 RT-11",NA,"EH","PH",""
"102","2024","Apr",2024-04-17,"Chinook Salmon","fall","BT-2","NJ","CY, CR, TA","22",8.6,89,"9465",2024-04-12,"2:49",169,"1:30",90,"2:39",159,"","RT-11","2024-04-18 RT-11",NA,"EH","PH",""
"103","2024","Apr",2024-04-17,"Chinook Salmon","fall","BT-2","NJ","CY, CR, TA","23",9.3,94,"936D",2024-04-12,"1:41",101,"1:24",84,"1:00",60,"","RT-11","2024-04-18 RT-11",NA,"EH","PH",""
"104","2024","Apr",2024-04-17,"Chinook Salmon","fall","BT-2","NJ","CY, CR, TA","24",8,88,"9293",2024-04-12,"1:29",89,"1:33",93,"1:39",99,"","RT-11","2024-04-18 RT-11",NA,"EH","PH",""
"105","2024","Apr",2024-04-17,"Chinook Salmon","fall","BT-2","NJ","CY, CR, TA","25",9.6,95,"9332",2024-04-12,"3:04",184,"2:21",141,"1:00",60,"","RT-11","2024-04-18 RT-11",NA,"EH","PH",""
"106","2024","Apr",2024-04-17,"Chinook Salmon","fall","BT-2","NJ","CY, CR, TA","26",11.8,100,"9397",2024-04-12,"3:40",220,"1:24",84,"1:00",60,"","RT-11","2024-04-18 RT-11",NA,"EH","PH",""
"107","2024","Apr",2024-04-17,"Chinook Salmon","fall","BT-2","NJ","CY, CR, TA","27",9.3,90,"928A",2024-04-12,"1:50",110,"1:27",87,"1:25",85,"","RT-11","2024-04-18 RT-11",NA,"EH","PH",""
"108","2024","Apr",2024-04-17,"Chinook Salmon","fall","BT-2","NJ","CY, CR, TA","28",8.8,93,"9389",2024-04-12,"2:20",140,"1:49",109,"1:42",102,"","RT-11","2024-04-18 RT-11",NA,"EH","PH",""
"109","2024","Apr",2024-04-17,"Chinook Salmon","fall","BT-2","NJ","CY, CR, TA","29",11.4,98,"9B59",2024-04-12,"2:34",154,"1:37",97,"1:00",60,"","RT-11","2024-04-18 RT-11",NA,"EH","PH",""
"110","2024","Apr",2024-04-17,"Chinook Salmon","fall","BT-2","NJ","CY, CR, TA","30",6.8,84,"9447",2024-04-12,"2:30",150,"1:32",92,"1:56",116,"","RT-11","2024-04-18 RT-11",NA,"EH","PH",""
"111","2024","Apr",2024-04-17,"Chinook Salmon","fall","BT-2","NJ","CY, CR, TA","31",8.7,91,"93B6",2024-04-12,"2:13",133,"2:10",130,"1:50",110,"","RT-12","2024-04-18 RT-12",NA,"EH","PH",""
"112","2024","Apr",2024-04-17,"Chinook Salmon","fall","BT-2","NJ","CY, CR, TA","32",10.9,95,"9347",2024-04-12,"2:35",155,"1:26",86,"1:00",60,"","RT-12","2024-04-18 RT-12",NA,"EH","PH",""
"113","2024","Apr",2024-04-17,"Chinook Salmon","fall","BT-2","NJ","CY, CR, TA","33",8.9,91,"941B",2024-04-12,"2:01",121,"1:24",84,"1:30",90,"","RT-12","2024-04-18 RT-12",NA,"EH","PH",""
"114","2024","Apr",2024-04-17,"Chinook Salmon","fall","BT-2","NJ","CY, CR, TA","34",10,94,"932E",2024-04-12,"1:56",116,"1:40",100,"1:00",60,"","RT-12","2024-04-18 RT-12",NA,"EH","PH",""
"115","2024","Apr",2024-04-17,"Chinook Salmon","fall","BT-2","NJ","CY, CR, TA","35",9.2,95,"944B",2024-04-12,"1:38",98,"1:24",84,"1:00",60,"","RT-12","2024-04-18 RT-12",NA,"EH","PH",""
"116","2024","Apr",2024-04-17,"Chinook Salmon","fall","BT-2","NJ","CY, CR, TA","36",10.2,100,"9C35",2024-04-12,"2:00",120,"1:18",78,"1:00",60,"","RT-12","2024-04-18 RT-12",NA,"EH","PH",""
"117","2024","Apr",2024-04-17,"Chinook Salmon","fall","BT-2","NJ","CY, CR, TA","37",7.9,85,"9366",2024-04-12,"2:00",120,"1:55",115,"1:00",60,"","RT-12","2024-04-18 RT-12",NA,"EH","PH",""
"118","2024","Apr",2024-04-17,"Chinook Salmon","fall","BT-2","NJ","CY, CR, TA","38",9.4,96,"9C55",2024-04-12,"1:48",108,"1:33",93,"2:20",140,"","RT-12","2024-04-18 RT-12",NA,"EH","PH",""
"119","2024","Apr",2024-04-17,"Chinook Salmon","fall","BT-2","NJ","CY, CR, TA","39",6,84,"940D",2024-04-12,"1:48",108,"1:27",87,"1:00",60,"","RT-12","2024-04-18 RT-12",NA,"EH","PH",""
"120","2024","Apr",2024-04-17,"Chinook Salmon","fall","BT-2","NJ","CY, CR, TA","40",7.4,87,"94D1",2024-04-12,"2:01",121,"1:51",111,"1:41",101,"","RT-12","2024-04-18 RT-12",NA,"EH","PH",""
"121","2024","Apr",2024-04-17,"Chinook Salmon","fall","BT-2","CY","NJ, CR, TA","41",11.1,98,"9376",2024-04-12,"2:18",138,"2:30",150,"3:20",200,"","RT-13","2024-04-18 RT-13",NA,"EH","PH",""
"122","2024","Apr",2024-04-17,"Chinook Salmon","fall","BT-2","CY","NJ, CR, TA","42",7.6,83,"939B",2024-04-12,"2:49",169,"2:29",149,"3:20",200,"","RT-13","2024-04-18 RT-13",NA,"EH","PH",""
"123","2024","Apr",2024-04-17,"Chinook Salmon","fall","BT-2","CY","NJ, CR, TA","43",9,95,"9412",2024-04-12,"2:32",152,"2:00",120,"1:34",94,"","RT-13","2024-04-18 RT-13",NA,"EH","PH",""
"124","2024","Apr",2024-04-17,"Chinook Salmon","fall","BT-2","CY","NJ, CR, TA","44",8.1,89,"92A7",2024-04-12,"2:35",155,"2:35",155,"1:00",60,"","RT-13","2024-04-18 RT-13",NA,"EH","PH",""
"125","2024","Apr",2024-04-17,"Chinook Salmon","fall","BT-2","CY","NJ, CR, TA","45",7.5,93,"93E9",2024-04-12,"3:08",188,"2:05",125,"2:30",150,"","RT-13","2024-04-18 RT-13",NA,"EH","PH",""
"126","2024","Apr",2024-04-17,"Chinook Salmon","fall","BT-2","CY","NJ, CR, TA","46",10,94,"93AB",2024-04-12,"2:45",165,"2:10",130,"1:00",60,"","RT-13","2024-04-18 RT-13",NA,"EH","PH",""
"127","2024","Apr",2024-04-17,"Chinook Salmon","fall","BT-2","CY","NJ, CR, TA","47",10,96,"930A",2024-04-12,"2:31",151,"2:45",165,"2:40",160,"","RT-13","2024-04-18 RT-13",NA,"EH","PH",""
"128","2024","Apr",2024-04-17,"Chinook Salmon","fall","BT-2","CY","NJ, CR, TA","48",7.1,89,"9B2B",2024-04-12,"3:00",180,"2:00",120,"1:25",85,"","RT-13","2024-04-18 RT-13",NA,"EH","PH","tag entered as 932B, changed to 9B2B"
"129","2024","Apr",2024-04-17,"Chinook Salmon","fall","BT-2","CY","NJ, CR, TA","49",8.3,89,"92D3",2024-04-12,"2:15",135,"2:06",126,"1:00",60,"","RT-13","2024-04-18 RT-13",NA,"EH","PH",""
"130","2024","Apr",2024-04-17,"Chinook Salmon","fall","BT-2","CY","NJ, CR, TA","50",9.3,95,"9415",2024-04-12,"2:44",164,"2:06",126,"1:30",90,"","RT-13","2024-04-18 RT-13",NA,"EH","PH",""
"131","2024","Apr",2024-04-17,"Chinook Salmon","fall","BT-2","CY","NJ, CR, TA","51",6.2,85,"926A",2024-04-12,"2:56",176,"2:04",124,"1:00",60,"","RT-14","2024-04-18 RT-14",NA,"EH","PH",""
"132","2024","Apr",2024-04-17,"Chinook Salmon","fall","BT-2","CY","NJ, CR, TA","52",7.3,88,"9B42",2024-04-12,"2:08",128,"2:21",141,"2:20",140,"","RT-14","2024-04-18 RT-14",NA,"EH","PH",""
"133","2024","Apr",2024-04-17,"Chinook Salmon","fall","BT-2","CY","NJ, CR, TA","53",9.1,97,"9439",2024-04-12,"2:15",135,"2:11",131,"1:00",60,"","RT-14","2024-04-18 RT-14",NA,"EH","PH","corrected anesth time"
"134","2024","Apr",2024-04-17,"Chinook Salmon","fall","BT-2","CY","NJ, CR, TA","54",8.5,89,"92CF",2024-04-12,"2:23",143,"2:01",121,"2:30",150,"","RT-14","2024-04-18 RT-14",NA,"EH","PH",""
"135","2024","Apr",2024-04-17,"Chinook Salmon","fall","BT-2","CY","NJ, CR, TA","55",10.3,96,"A232",2024-04-12,"2:22",142,"1:55",115,"1:00",60,"","RT-14","2024-04-18 RT-14",NA,"EH","PH",""
"136","2024","Apr",2024-04-17,"Chinook Salmon","fall","BT-2","CY","NJ, CR, TA","56",7.1,83,"94AF",2024-04-12,"3:00",180,"2:18",138,"2:10",130,"","RT-14","2024-04-18 RT-14",NA,"EH","PH",""
"137","2024","Apr",2024-04-17,"Chinook Salmon","fall","BT-2","CY","NJ, CR, TA","57",9.9,94,"9463",2024-04-12,"2:04",124,"2:13",133,"1:00",60,"","RT-14","2024-04-18 RT-14",NA,"EH","PH",""
"138","2024","Apr",2024-04-17,"Chinook Salmon","fall","BT-2","CY","NJ, CR, TA","58",10.4,94,"9359",2024-04-12,"2:40",160,"1:55",115,"1:20",80,"","RT-14","2024-04-18 RT-14",NA,"EH","PH",""
"139","2024","Apr",2024-04-17,"Chinook Salmon","fall","BT-2","CY","NJ, CR, TA","59",8.9,92,"93A4",2024-04-12,"2:27",147,"1:56",116,"3:08",188,"","RT-14","2024-04-18 RT-14",NA,"EH","PH",""
"140","2024","Apr",2024-04-17,"Chinook Salmon","fall","BT-2","CY","NJ, CR, TA","60",6.8,83,"9BBB",2024-04-12,"2:53",173,"2:00",120,"1:28",88,"","RT-14","2024-04-18 RT-14",NA,"EH","PH",""
"141","2024","Apr",2024-04-17,"Chinook Salmon","fall","BT-2","CY","NJ, CR, TA","61",7.7,82,"9276",2024-04-12,"2:31",151,"1:49",109,"1:06",66,"","RT-15","2024-04-18 RT-15",NA,"EH","PH","Tag code changed from 9276 to 9176, changed back to 9276 after double checking receiver readings"
"142","2024","Apr",2024-04-17,"Chinook Salmon","fall","BT-2","CY","NJ, CR, TA","62",9.7,96,"9274",2024-04-12,"2:31",151,"2:01",121,"1:00",60,"","RT-15","2024-04-18 RT-15",NA,"EH","PH",""
"143","2024","Apr",2024-04-17,"Chinook Salmon","fall","BT-2","CY","NJ, CR, TA","63",9,90,"94D2",2024-04-12,"2:33",153,"1:57",117,"3:00",180,"","RT-15","2024-04-18 RT-15",NA,"EH","PH",""
"144","2024","Apr",2024-04-17,"Chinook Salmon","fall","BT-2","CY","NJ, CR, TA","64",8.5,95,"938B",2024-04-12,"2:16",136,"2:04",124,"1:00",60,"","RT-15","2024-04-18 RT-15",NA,"EH","PH",""
"145","2024","Apr",2024-04-17,"Chinook Salmon","fall","BT-2","CY","NJ, CR, TA","65",6.4,88,"9B51",2024-04-12,"2:10",130,"2:03",123,"1:00",60,"","RT-15","2024-04-18 RT-15",NA,"EH","PH",""
"146","2024","Apr",2024-04-17,"Chinook Salmon","fall","BT-2","CY","NJ, CR, TA","66",8.8,94,"92D6",2024-04-12,"2:37",157,"1:44",104,"3:40",220,"","RT-15","2024-04-18 RT-15",NA,"EH","PH",""
"147","2024","Apr",2024-04-17,"Chinook Salmon","fall","BT-2","CY","NJ, CR, TA","67",9.7,97,"9C59",2024-04-12,"2:22",142,"1:48",108,"1:00",60,"","RT-15","2024-04-18 RT-15",NA,"EH","PH",""
"148","2024","Apr",2024-04-17,"Chinook Salmon","fall","BT-2","CY","NJ, CR, TA","68",9.3,93,"935C",2024-04-12,"2:27",147,"2:12",132,"1:11",71,"","RT-15","2024-04-18 RT-15",NA,"EH","PH",""
"149","2024","Apr",2024-04-17,"Chinook Salmon","fall","BT-2","CY","NJ, CR, TA","69",8.4,95,"92F2",2024-04-12,"3:02",182,"2:10",130,"1:15",75,"","RT-15","2024-04-18 RT-15",NA,"EH","PH",""
"150","2024","Apr",2024-04-17,"Chinook Salmon","fall","BT-2","CY","NJ, CR, TA","70",9.6,97,"92D1",2024-04-12,"2:11",131,"2:09",129,"1:00",60,"","RT-15","2024-04-18 RT-15",NA,"EH","PH",""
"151","2024","Apr",2024-04-17,"Chinook Salmon","fall","BT-2","CY","NJ, CR, TA","71",7.9,90,"9B63",2024-04-12,"3:40",220,"2:31",151,"4:10",250,"","RT-16","2024-04-18 RT-16",NA,"EH","PH",""
"152","2024","Apr",2024-04-17,"Chinook Salmon","fall","BT-2","CY","NJ, CR, TA","72",12.5,102,"92AA",2024-04-12,"2:19",139,"2:17",137,"3:20",200,"","RT-16","2024-04-18 RT-16",NA,"EH","PH",""
"153","2024","Apr",2024-04-17,"Chinook Salmon","fall","BT-2","CY","NJ, CR, TA","73",7.4,94,"9B9D",2024-04-12,"2:22",142,"2:04",124,"1:47",107,"","RT-16","2024-04-18 RT-16",NA,"EH","PH",""
"154","2024","Apr",2024-04-17,"Chinook Salmon","fall","BT-2","CY","NJ, CR, TA","74",4.8,83,"92DB",2024-04-12,"2:40",160,"2:07",127,"1:00",60,"","RT-16","2024-04-18 RT-16",NA,"EH","PH",""
"155","2024","Apr",2024-04-17,"Chinook Salmon","fall","BT-2","CY","NJ, CR, TA","75",6.2,80,"945F",2024-04-12,"2:30",150,"2:15",135,"4:15",255,"","RT-16","2024-04-18 RT-16",NA,"EH","PH",""
"156","2024","Apr",2024-04-17,"Chinook Salmon","fall","BT-2","CY","NJ, CR, TA","76",6.6,81,"9355",2024-04-12,"3:18",198,"2:14",134,"2:20",140,"","RT-16","2024-04-18 RT-16",NA,"EH","PH",""
"157","2024","Apr",2024-04-17,"Chinook Salmon","fall","BT-2","CY","NJ, CR, TA","77",6.9,84,"9B49",2024-04-12,"2:25",145,"2:15",135,"2:45",165,"","RT-16","2024-04-18 RT-16",NA,"EH","PH",""
"158","2024","Apr",2024-04-17,"Chinook Salmon","fall","BT-2","CY","NJ, CR, TA","78",7.6,86,"9B6D",2024-04-12,"2:58",178,"1:50",110,"3:08",188,"","RT-16","2024-04-18 RT-16",NA,"EH","PH",""
"159","2024","Apr",2024-04-17,"Chinook Salmon","fall","BT-2","CY","NJ, CR, TA","79",8.4,92,"927D",2024-04-12,"3:16",196,"1:55",115,"1:00",60,"","RT-16","2024-04-18 RT-16",NA,"EH","PH",""
"160","2024","Apr",2024-04-17,"Chinook Salmon","fall","BT-2","CY","NJ, CR, TA","80",8.8,98,"9284",2024-04-12,"2:06",126,"2:20",140,"1:00",60,"","RT-16","2024-04-18 RT-16",NA,"EH","PH",""
"161","2024","Apr",2024-04-18,"Chinook Salmon","fall","BT-3","NJ","CY, CC","1",5.8,82,"92C7",2024-04-12,"1:41",101,"1:46",106,"1:00",60,"","RT-17","2024-04-19 RT-17",NA,"EH","PH",""
"162","2024","Apr",2024-04-18,"Chinook Salmon","fall","BT-3","NJ","CY, CC","2",10.8,90,"931A",2024-04-12,"2:20",140,"1:35",95,"2:00",120,"","RT-17","2024-04-19 RT-17",NA,"EH","PH",""
"163","2024","Apr",2024-04-18,"Chinook Salmon","fall","BT-3","NJ","CY, CC","3",10,95,"944C",2024-04-12,"2:00",120,"1:28",88,"1:00",60,"","RT-17","2024-04-19 RT-17",NA,"EH","PH",""
"164","2024","Apr",2024-04-18,"Chinook Salmon","fall","BT-3","NJ","CY, CC","4",9,91,"9B57",2024-04-12,"1:48",108,"1:53",113,"1:00",60,"","RT-17","2024-04-19 RT-17",NA,"EH","PH",""
"165","2024","Apr",2024-04-18,"Chinook Salmon","fall","BT-3","NJ","CY, CC","5",6.7,86,"942F",2024-04-12,"2:32",152,"1:36",96,"1:00",60,"","RT-17","2024-04-19 RT-17",NA,"EH","PH",""
"166","2024","Apr",2024-04-18,"Chinook Salmon","fall","BT-3","NJ","CY, CC","6",7.6,86,"9B65",2024-04-12,"2:10",130,"1:53",113,"2:30",150,"","RT-17","2024-04-19 RT-17",NA,"EH","PH",""
"167","2024","Apr",2024-04-18,"Chinook Salmon","fall","BT-3","NJ","CY, CC","7",8.4,91,"9B33",2024-04-12,"1:48",108,"1:38",98,"1:00",60,"","RT-17","2024-04-19 RT-17",NA,"EH","PH",""
"168","2024","Apr",2024-04-18,"Chinook Salmon","fall","BT-3","NJ","CY, CC","8",4.6,75,"9457",2024-04-12,"1:54",114,"1:47",107,"1:00",60,"","RT-17","2024-04-19 RT-17",NA,"EH","PH",""
"169","2024","Apr",2024-04-18,"Chinook Salmon","fall","BT-3","NJ","CY, CC","9",8.1,89,"9344",2024-04-12,"2:01",121,"1:36",96,"1:11",71,"","RT-17","2024-04-19 RT-17",NA,"EH","PH",""
"170","2024","Apr",2024-04-18,"Chinook Salmon","fall","BT-3","NJ","CY, CC","10",9.1,91,"943A",2024-04-12,"2:45",165,"1:26",86,"1:07",67,"","RT-17","2024-04-19 RT-17",NA,"EH","PH",""
"171","2024","Apr",2024-04-18,"Chinook Salmon","fall","BT-3","NJ","CY, CC","11",7.6,87,"935D",2024-04-12,"2:15",135,"2:00",120,"2:30",150,"","RT-18","2024-04-19 RT-18",NA,"EH","PH",""
"172","2024","Apr",2024-04-18,"Chinook Salmon","fall","BT-3","NJ","CY, CC","12",8.3,87,"9456",2024-04-12,"2:03",123,"1:45",105,"2:20",140,"","RT-18","2024-04-19 RT-18",NA,"EH","PH",""
"173","2024","Apr",2024-04-18,"Chinook Salmon","fall","BT-3","NJ","CY, CC","13",10.7,99,"9BA4",2024-04-12,"1:35",95,"1:20",80,"2:00",120,"","RT-18","2024-04-19 RT-18",NA,"EH","PH",""
"174","2024","Apr",2024-04-18,"Chinook Salmon","fall","BT-3","NJ","CY, CC","14",9.8,95,"93AC",2024-04-12,"2:18",138,"1:14",74,"2:15",135,"","RT-18","2024-04-19 RT-18",NA,"EH","PH",""
"175","2024","Apr",2024-04-18,"Chinook Salmon","fall","BT-3","NJ","CY, CC","15",8.6,88,"9416",2024-04-12,"2:15",135,"1:35",95,"1:10",70,"","RT-18","2024-04-19 RT-18",NA,"EH","PH",""
"176","2024","Apr",2024-04-18,"Chinook Salmon","fall","BT-3","NJ","CY, CC","16",9.5,95,"9C25",2024-04-12,"2:29",149,"1:17",77,"1:00",60,"","RT-18","2024-04-19 RT-18",NA,"EH","PH",""
"177","2024","Apr",2024-04-18,"Chinook Salmon","fall","BT-3","NJ","CY, CC","17",9.8,95,"9422",2024-04-12,"1:54",114,"1:30",90,"1:00",60,"","RT-18","2024-04-19 RT-18",NA,"EH","PH",""
"178","2024","Apr",2024-04-18,"Chinook Salmon","fall","BT-3","NJ","CY, CC","18",13.9,105,"9346",2024-04-12,"1:46",106,"1:46",106,"2:00",120,"","RT-18","2024-04-19 RT-18",NA,"EH","PH",""
"179","2024","Apr",2024-04-18,"Chinook Salmon","fall","BT-3","NJ","CY, CC","19",10,96,"9B73",2024-04-12,"1:59",119,"1:54",114,"1:00",60,"","RT-18","2024-04-19 RT-18",NA,"EH","PH",""
"180","2024","Apr",2024-04-18,"Chinook Salmon","fall","BT-3","NJ","CY, CC","20",7.8,87,"9396",2024-04-12,"1:51",111,"1:23",83,"2:18",138,"","RT-18","2024-04-19 RT-18",NA,"EH","PH","corrected weight "
"181","2024","Apr",2024-04-18,"Chinook Salmon","fall","BT-3","NJ","CY, CC","21",8.3,90,"9477",2024-04-12,"3:11",191,"2:42",162,"2:00",120,"","RT-19","2024-04-19 RT-19",NA,"EH","PH",""
"182","2024","Apr",2024-04-18,"Chinook Salmon","fall","BT-3","NJ","CY, CC","22",11.6,97,"92EA",2024-04-12,"1:59",119,"2:03",123,"3:00",180,"","RT-19","2024-04-19 RT-19",NA,"EH","PH",""
"183","2024","Apr",2024-04-18,"Chinook Salmon","fall","BT-3","NJ","CY, CC","23",10.6,95,"946F",2024-04-12,"2:40",160,"1:23",83,"1:15",75,"","RT-19","2024-04-19 RT-19",NA,"EH","PH",""
"184","2024","Apr",2024-04-18,"Chinook Salmon","fall","BT-3","NJ","CY, CC","24",10.9,95,"9B8B",2024-04-12,"1:55",115,"1:37",97,"1:47",107,"","RT-19","2024-04-19 RT-19",NA,"EH","PH",""
"185","2024","Apr",2024-04-18,"Chinook Salmon","fall","BT-3","NJ","CY, CC","25",8.3,95,"93CD",2024-04-12,"1:29",89,"1:29",89,"1:56",116,"","RT-19","2024-04-19 RT-19",NA,"EH","PH",""
"186","2024","Apr",2024-04-18,"Chinook Salmon","fall","BT-3","NJ","CY, CC","26",7.6,90,"92FB",2024-04-12,"1:17",77,"1:35",95,"1:00",60,"","RT-19","2024-04-19 RT-19",NA,"EH","PH",""
"187","2024","Apr",2024-04-18,"Chinook Salmon","fall","BT-3","NJ","CY, CC","27",8.9,89,"9B76",2024-04-12,"2:02",122,"1:26",86,"1:04",64,"","RT-19","2024-04-19 RT-19",NA,"EH","PH",""
"188","2024","Apr",2024-04-18,"Chinook Salmon","fall","BT-3","NJ","CY, CC","28",9,92,"93ED",2024-04-12,"1:57",117,"1:40",100,"1:00",60,"","RT-19","2024-04-19 RT-19",NA,"EH","PH",""
"189","2024","Apr",2024-04-18,"Chinook Salmon","fall","BT-3","NJ","CY, CC","29",10.8,100,"934C",2024-04-12,"1:35",95,"1:23",83,"2:06",126,"","RT-19","2024-04-19 RT-19",NA,"EH","PH",""
"190","2024","Apr",2024-04-18,"Chinook Salmon","fall","BT-3","NJ","CY, CC","30",10.7,95,"9373",2024-04-12,"1:43",103,"1:27",87,"1:23",83,"","RT-19","2024-04-19 RT-19",NA,"EH","PH",""
"191","2024","Apr",2024-04-18,"Chinook Salmon","fall","BT-3","NJ","CY, CC","31",5.8,80,"9BA7",2024-04-12,"1:24",84,"1:55",115,"1;00",60,"","RT-20","2024-04-19 RT-20",NA,"EH","PH",""
"192","2024","Apr",2024-04-18,"Chinook Salmon","fall","BT-3","NJ","CY, CC","32",7.2,84,"928B",2024-04-12,"2:14",134,"1:25",85,"1:00",60,"","RT-20","2024-04-19 RT-20",NA,"EH","PH",""
"193","2024","Apr",2024-04-18,"Chinook Salmon","fall","BT-3","NJ","CY, CC","33",6,85,"9287",2024-04-12,"1:36",96,"1:24",84,"1:00",60,"","RT-20","2024-04-19 RT-20",NA,"EH","PH",""
"194","2024","Apr",2024-04-18,"Chinook Salmon","fall","BT-3","NJ","CY, CC","34",10.6,97,"9B50",2024-04-12,"1:23",83,"1:46",106,"1:12",72,"","RT-20","2024-04-19 RT-20",NA,"EH","PH",""
"195","2024","Apr",2024-04-18,"Chinook Salmon","fall","BT-3","NJ","CY, CC","35",7.7,90,"9B99",2024-04-12,"1:55",115,"1:18",78,"1:02",62,"","RT-20","2024-04-19 RT-20",NA,"EH","PH",""
"196","2024","Apr",2024-04-18,"Chinook Salmon","fall","BT-3","NJ","CY, CC","36",11.1,101,"928F",2024-04-12,"1:36",96,"1:18",78,"1:00",60,"","RT-20","2024-04-19 RT-20",NA,"EH","PH",""
"197","2024","Apr",2024-04-18,"Chinook Salmon","fall","BT-3","NJ","CY, CC","37",9.4,91,"9296",2024-04-12,"1:41",101,"2:04",124,"3:24",204,"","RT-20","2024-04-19 RT-20",NA,"EH","PH",""
"198","2024","Apr",2024-04-18,"Chinook Salmon","fall","BT-3","NJ","CY, CC","38",11.5,100,"A37A",2024-04-12,"1:50",110,"1:25",85,"1:00",60,"","RT-20","2024-04-19 RT-20",NA,"EH","PH",""
"199","2024","Apr",2024-04-18,"Chinook Salmon","fall","BT-3","NJ","CY, CC","39",8.4,89,"936F",2024-04-12,"1:55",115,"1:20",80,"3:30",210,"","RT-20","2024-04-19 RT-20",NA,"EH","PH",""
"200","2024","Apr",2024-04-18,"Chinook Salmon","fall","BT-3","NJ","CY, CC","40",8.1,86,"9C51",2024-04-12,"1:38",98,"1:52",112,"1:00",60,"","RT-20","2024-04-19 RT-20",NA,"EH","PH",""
"201","2024","Apr",2024-04-18,"Chinook Salmon","fall","BT-3","CY","NJ, CC","41",10.1,95,"92DD",2024-04-12,"2:44",164,"2:29",149,"1:00",60,"","RT-21","2024-04-19 RT-21",NA,"EH","PH",""
"202","2024","Apr",2024-04-18,"Chinook Salmon","fall","BT-3","CY","NJ, CC","42",7.3,85,"937A",2024-04-12,"2:37",157,"2:42",162,"3:00",180,"","RT-21","2024-04-19 RT-21",NA,"EH","PH",""
"203","2024","Apr",2024-04-18,"Chinook Salmon","fall","BT-3","CY","NJ, CC","43",9.5,95,"9BCA",2024-04-12,"2:00",120,"2:25",145,"1:20",80,"","RT-21","2024-04-19 RT-21",NA,"EH","PH",""
"204","2024","Apr",2024-04-18,"Chinook Salmon","fall","BT-3","CY","NJ, CC","44",8.6,91,"9414",2024-04-12,"2:49",169,"2:33",153,"2:00",120,"","RT-21","2024-04-19 RT-21",NA,"EH","PH",""
"205","2024","Apr",2024-04-18,"Chinook Salmon","fall","BT-3","CY","NJ, CC","45",7.7,94,"9B77",2024-04-12,"2:49",169,"3:00",180,"1:15",75,"","RT-21","2024-04-19 RT-21",NA,"EH","PH",""
"206","2024","Apr",2024-04-18,"Chinook Salmon","fall","BT-3","CY","NJ, CC","46",8.7,92,"929B",2024-04-12,"2:39",159,"2:04",124,"1:00",60,"","RT-21","2024-04-19 RT-21",NA,"EH","PH",""
"207","2024","Apr",2024-04-18,"Chinook Salmon","fall","BT-3","CY","NJ, CC","47",8.3,93,"9434",2024-04-12,"1:43",103,"2:10",130,"1:59",119,"","RT-21","2024-04-19 RT-21",NA,"EH","PH",""
"208","2024","Apr",2024-04-18,"Chinook Salmon","fall","BT-3","CY","NJ, CC","48",7.7,92,"939D",2024-04-12,"1:49",109,"2:23",143,"2:00",120,"","RT-21","2024-04-19 RT-21",NA,"EH","PH",""
"209","2024","Apr",2024-04-18,"Chinook Salmon","fall","BT-3","CY","NJ, CC","49",13.1,105,"9B72",2024-04-12,"2:40",160,"2:09",129,"1:00",60,"","RT-21","2024-04-19 RT-21",NA,"EH","PH",""
"210","2024","Apr",2024-04-18,"Chinook Salmon","fall","BT-3","CY","NJ, CC","50",7.8,86,"9B5D",2024-04-12,"2:39",159,"1:55",115,"1:30",90,"","RT-21","2024-04-19 RT-21",NA,"EH","PH",""
"211","2024","Apr",2024-04-18,"Chinook Salmon","fall","BT-3","CY","NJ, CC","51",8.6,90,"9385",2024-04-12,"1:40",100,"2:10",130,"1:40",100,"","RT-22","2024-04-19 RT-22",NA,"EH","PH",""
"212","2024","Apr",2024-04-18,"Chinook Salmon","fall","BT-3","CY","NJ, CC","52",8,85,"93A6",2024-04-12,"2:29",149,"2:10",130,"2:15",135,"","RT-22","2024-04-19 RT-22",NA,"EH","PH",""
"213","2024","Apr",2024-04-18,"Chinook Salmon","fall","BT-3","CY","NJ, CC","53",8.9,95,"94BB",2024-04-12,"2:31",151,"1:55",115,"4:30",270,"","RT-22","2024-04-19 RT-22",NA,"EH","PH",""
"214","2024","Apr",2024-04-18,"Chinook Salmon","fall","BT-3","CY","NJ, CC","54",8.8,89,"9341",2024-04-12,"1:21",81,"2:15",135,"1:00",60,"","RT-22","2024-04-19 RT-22",NA,"EH","PH",""
"215","2024","Apr",2024-04-18,"Chinook Salmon","fall","BT-3","CY","NJ, CC","55",7.7,89,"9395",2024-04-12,"3:15",195,"2:00",120,"1:30",90,"","RT-22","2024-04-19 RT-22",NA,"EH","PH",""
"216","2024","Apr",2024-04-18,"Chinook Salmon","fall","BT-3","CY","NJ, CC","56",9.6,94,"93A2",2024-04-12,"2:29",149,"1:57",117,"2:06",126,"","RT-22","2024-04-19 RT-22",NA,"EH","PH",""
"217","2024","Apr",2024-04-18,"Chinook Salmon","fall","BT-3","CY","NJ, CC","57",10.4,96,"94C2",2024-04-12,"2:29",149,"2:06",126,"3:10",190,"","RT-22","2024-04-19 RT-22",NA,"EH","PH",""
"218","2024","Apr",2024-04-18,"Chinook Salmon","fall","BT-3","CY","NJ, CC","58",4.5,72,"930B",2024-04-12,"2:20",140,"2:42",162,"3:40",220,"","RT-22","2024-04-19 RT-22",NA,"EH","PH",""
"219","2024","Apr",2024-04-18,"Chinook Salmon","fall","BT-3","CY","NJ, CC","59",8.9,93,"948C",2024-04-18,"2:50",170,"2:25",145,"1:20",80,"","RT-22","2024-04-19 RT-22",NA,"EH","PH","corrected tag activation date"
"220","2024","Apr",2024-04-18,"Chinook Salmon","fall","BT-3","CY","NJ, CC","60",9.1,94,"93A5",2024-04-12,"2:19",139,"2:12",132,"1:35",95,"","RT-22","2024-04-19 RT-22",NA,"EH","PH",""
"221","2024","Apr",2024-04-18,"Chinook Salmon","fall","BT-3","CY","NJ, CC","61",8.3,93,"928E",2024-04-12,"2:47",167,"2:15",135,"1:37",97,"","RT-23","2024-04-19 RT-23",NA,"EH","PH",""
"222","2024","Apr",2024-04-18,"Chinook Salmon","fall","BT-3","CY","NJ, CC","62",7.1,86,"9350",2024-04-12,"2:16",136,"2:50",170,"3:00",180,"","RT-23","2024-04-19 RT-23",NA,"EH","PH",""
"223","2024","Apr",2024-04-18,"Chinook Salmon","fall","BT-3","CY","NJ, CC","63",9.1,86,"9C53",2024-04-12,"2:32",152,"1:58",118,"2:50",170,"","RT-23","2024-04-19 RT-23",NA,"EH","PH",""
"224","2024","Apr",2024-04-18,"Chinook Salmon","fall","BT-3","CY","NJ, CC","64",8.7,97,"92D2",2024-04-12,"1:25",85,"2:00",120,"2:53",173,"","RT-23","2024-04-19 RT-23",NA,"EH","PH",""
"225","2024","Apr",2024-04-18,"Chinook Salmon","fall","BT-3","CY","NJ, CC","65",5.9,89,"93B1",2024-04-12,"1:17",77,"1:55",115,"3:10",190,"","RT-23","2024-04-19 RT-23",NA,"EH","PH",""
"226","2024","Apr",2024-04-18,"Chinook Salmon","fall","BT-3","CY","NJ, CC","66",9.8,94,"9324",2024-04-12,"1:31",91,"2:04",124,"1:35",95,"","RT-23","2024-04-19 RT-23",NA,"EH","PH",""
"227","2024","Apr",2024-04-18,"Chinook Salmon","fall","BT-3","CY","NJ, CC","67",10.1,96,"947D",2024-04-12,"1:42",102,"1:50",110,"1:45",105,"","RT-23","2024-04-19 RT-23",NA,"EH","PH",""
"228","2024","Apr",2024-04-18,"Chinook Salmon","fall","BT-3","CY","NJ, CC","68",9.1,95,"9339",2024-04-12,"1:36",96,"1:48",108,"2:30",150,"","RT-23","2024-04-19 RT-23",NA,"EH","PH",""
"229","2024","Apr",2024-04-18,"Chinook Salmon","fall","BT-3","CY","NJ, CC","69",9.5,95,"93BA",2024-04-12,"1:14",74,"1:54",114,"3:00",180,"","RT-23","2024-04-19 RT-23",NA,"EH","PH",""
"230","2024","Apr",2024-04-18,"Chinook Salmon","fall","BT-3","CY","NJ, CC","70",8.9,90,"933A",2024-04-12,"1:23",83,"2:09",129,"2:48",168,"","RT-23","2024-04-19 RT-23",NA,"EH","PH",""
"231","2024","Apr",2024-04-18,"Chinook Salmon","fall","BT-3","CY","NJ, CC","71",9.8,98,"9322",2024-04-12,"1:32",92,"1:59",119,"2:57",177,"","RT-24","2024-04-19 RT-24",NA,"EH","PH",""
"232","2024","Apr",2024-04-18,"Chinook Salmon","fall","BT-3","CY","NJ, CC","72",9.2,93,"93C9",2024-04-12,"2:11",131,"1:48",108,"1:00",60,"","RT-24","2024-04-19 RT-24",NA,"EH","PH",""
"233","2024","Apr",2024-04-18,"Chinook Salmon","fall","BT-3","CY","NJ, CC","73",7.2,94,"9399",2024-04-12,"1:03",63,"2:02",122,"2:30",150,"","RT-24","2024-04-19 RT-24",NA,"EH","PH",""
"234","2024","Apr",2024-04-18,"Chinook Salmon","fall","BT-3","CY","NJ, CC","74",8.5,90,"9358",2024-04-12,"1:53",113,"2:10",130,"1:47",107,"","RT-24","2024-04-19 RT-24",NA,"EH","PH",""
"235","2024","Apr",2024-04-18,"Chinook Salmon","fall","BT-3","CY","NJ, CC","75",8.5,94,"9364",2024-04-12,"1:49",109,"1:52",112,"2:25",145,"","RT-24","2024-04-19 RT-24",NA,"EH","PH",""
"236","2024","Apr",2024-04-18,"Chinook Salmon","fall","BT-3","CY","NJ, CC","76",8.6,90,"938D",2024-04-12,"1:49",109,"2:00",120,"3:01",181,"","RT-24","2024-04-19 RT-24",NA,"EH","PH",""
"237","2024","Apr",2024-04-18,"Chinook Salmon","fall","BT-3","CY","NJ, CC","77",8.8,94,"94AA",2024-04-12,"2:05",125,"2:01",121,"1:00",60,"","RT-24","2024-04-19 RT-24",NA,"EH","PH",""
"238","2024","Apr",2024-04-18,"Chinook Salmon","fall","BT-3","CY","NJ, CC","78",9,92,"9411",2024-04-12,"1:15",75,"2:04",124,"2:15",135,"","RT-24","2024-04-19 RT-24",NA,"EH","PH",""
"239","2024","Apr",2024-04-18,"Chinook Salmon","fall","BT-3","CY","NJ, CC","79",7.8,88,"9372",2024-04-12,"2:17",137,"1:55",115,"3:04",184,"","RT-24","2024-04-19 RT-24",NA,"EH","PH",""
"240","2024","Apr",2024-04-18,"Chinook Salmon","fall","BT-3","CY","NJ, CC","80",8.2,93,"9353",2024-04-12,"2:23",143,"1:58",118,"1:00",60,"","RT-24","2024-04-19 RT-24",NA,"EH","PH",""
"241","2024","Apr",2024-04-23,"Chinook Salmon","fall","BT-1","NJ","AL, CY","1",9.2,96,"92DE",2024-04-19,"1:40",100,"1:51",111,"1:39",99,"","RT-1","2024-04-24 RT-1",NA,"PH","EH",""
"242","2024","Apr",2024-04-23,"Chinook Salmon","fall","BT-1","NJ","AL, CY","2",8.1,97,"9342",2024-04-19,"2:13",133,"1:34",94,"1:18",78,"","RT-1","2024-04-24 RT-1",NA,"PH","EH",""
"243","2024","Apr",2024-04-23,"Chinook Salmon","fall","BT-1","NJ","AL, CY","3",11.5,102,"92CE",2024-04-19,"1:47",107,"1:50",110,"2:00",120,"","RT-1","2024-04-24 RT-1",NA,"PH","EH",""
"244","2024","Apr",2024-04-23,"Chinook Salmon","fall","BT-1","NJ","AL, CY","4",8.8,95,"93AF",2024-04-19,"1:39",99,"1:35",95,"2:00",120,"","RT-1","2024-04-24 RT-1",NA,"PH","EH",""
"245","2024","Apr",2024-04-23,"Chinook Salmon","fall","BT-1","NJ","AL, CY","5",8.4,94,"9DAD",2024-04-23,"1:37",97,"1:39",99,"1:00",60,"","RT-1","2024-04-24 RT-1",NA,"PH","EH",""
"246","2024","Apr",2024-04-23,"Chinook Salmon","fall","BT-1","NJ","AL, CY","6",7.4,90,"9B4E",2024-04-19,"1:54",114,"1:20",80,"3:15",195,"","RT-1","2024-04-24 RT-1",NA,"PH","EH",""
"247","2024","Apr",2024-04-23,"Chinook Salmon","fall","BT-1","NJ","AL, CY","7",12.8,106,"9474",2024-04-19,"1:25",85,"1:53",113,"2:30",150,"","RT-1","2024-04-24 RT-1",NA,"PH","EH",""
"248","2024","Apr",2024-04-23,"Chinook Salmon","fall","BT-1","NJ","AL, CY","8",10.6,97,"9309",2024-04-19,"2:22",142,"1:48",108,"2:30",150,"","RT-1","2024-04-24 RT-1",NA,"PH","EH",""
"249","2024","Apr",2024-04-23,"Chinook Salmon","fall","BT-1","NJ","AL, CY","9",6.7,88,"9BA9",2024-04-19,"1:58",118,"1:52",112,"1:00",60,"","RT-1","2024-04-24 RT-1",NA,"PH","EH",""
"250","2024","Apr",2024-04-23,"Chinook Salmon","fall","BT-1","NJ","AL, CY","10",10.3,99,"935E",2024-04-19,"2:20",140,"1:30",90,"2:00",120,"","RT-1","2024-04-24 RT-1",NA,"PH","EH",""
"251","2024","Apr",2024-04-23,"Chinook Salmon","fall","BT-1","NJ","AL, CY","11",12.8,104,"9305",2024-04-19,"2:03",123,"1:33",93,"1:00",60,"","RT-2","2024-04-24 RT-2",NA,"PH","EH",""
"252","2024","Apr",2024-04-23,"Chinook Salmon","fall","BT-1","NJ","AL, CY","12",11.6,99,"92C3",2024-04-19,"1:50",110,"1:47",107,"2:00",120,"","RT-2","2024-04-24 RT-2",NA,"PH","EH",""
"253","2024","Apr",2024-04-23,"Chinook Salmon","fall","BT-1","NJ","AL, CY","13",13.7,109,"935F",2024-04-19,"1:52",112,"1:35",95,"1:00",60,"","RT-2","2024-04-24 RT-2",NA,"PH","EH",""
"254","2024","Apr",2024-04-23,"Chinook Salmon","fall","BT-1","NJ","AL, CY","14",7.8,87,"92D7",2024-04-19,"1:35",95,"1:30",90,"2:30",150,"","RT-2","2024-04-24 RT-2",NA,"PH","EH",""
"255","2024","Apr",2024-04-23,"Chinook Salmon","fall","BT-1","NJ","AL, CY","15",7.7,92,"928D",2024-04-19,"1:56",116,"1:34",94,"3:00",180,"","RT-2","2024-04-24 RT-2",NA,"PH","EH",""
"256","2024","Apr",2024-04-23,"Chinook Salmon","fall","BT-1","NJ","AL, CY","16",12.7,101,"9B6E",2024-04-19,"2:00",120,"1:53",113,"2:00",120,"","RT-2","2024-04-24 RT-2",NA,"PH","EH",""
"257","2024","Apr",2024-04-23,"Chinook Salmon","fall","BT-1","NJ","AL, CY","17",10,96,"934B",2024-04-19,"2:07",127,"1:32",92,"1:10",70,"","RT-2","2024-04-24 RT-2",NA,"PH","EH",""
"258","2024","Apr",2024-04-23,"Chinook Salmon","fall","BT-1","NJ","AL, CY","18",10.7,95,"9B66",2024-04-19,"1:57",117,"1:25",85,"1:15",75,"","RT-2","2024-04-24 RT-2",NA,"PH","EH",""
"259","2024","Apr",2024-04-23,"Chinook Salmon","fall","BT-1","NJ","AL, CY","19",12.2,105,"9B45",2024-04-19,"1:51",111,"1:31",91,"1:13",73,"","RT-2","2024-04-24 RT-2",NA,"PH","EH",""
"260","2024","Apr",2024-04-23,"Chinook Salmon","fall","BT-1","NJ","AL, CY","20",8.5,95,"945C",2024-04-19,"2:07",127,"1:32",92,"1:00",60,"","RT-2","2024-04-24 RT-2",NA,"PH","EH",""
"261","2024","Apr",2024-04-23,"Chinook Salmon","fall","BT-1","NJ","AL, CY","21",11.3,106,"9B61",2024-04-19,"1:15",75,"1:55",115,"1:00",60,"","RT-3","2024-04-24 RT-3",NA,"PH","EH",""
"262","2024","Apr",2024-04-23,"Chinook Salmon","fall","BT-1","NJ","AL, CY","22",11.1,100,"934F",2024-04-19,"2:10",130,"1:25",85,"1:00",60,"","RT-3","2024-04-24 RT-3",NA,"PH","EH",""
"263","2024","Apr",2024-04-23,"Chinook Salmon","fall","BT-1","NJ","AL, CY","23",7.6,91,"948F",2024-04-19,"1:56",116,"1:35",95,"2:00",120,"","RT-3","2024-04-24 RT-3",NA,"PH","EH",""
"264","2024","Apr",2024-04-23,"Chinook Salmon","fall","BT-1","NJ","AL, CY","24",8.2,95,"93C5",2024-04-19,"2:05",125,"1:50",110,"2:00",120,"","RT-3","2024-04-24 RT-3",NA,"PH","EH",""
"265","2024","Apr",2024-04-23,"Chinook Salmon","fall","BT-1","NJ","AL, CY","25",9.8,98,"9277",2024-04-19,"1:59",119,"1:40",100,"1:05",65,"","RT-3","2024-04-24 RT-3",NA,"PH","EH",""
"266","2024","Apr",2024-04-23,"Chinook Salmon","fall","BT-1","NJ","AL, CY","26",8.6,96,"935A",2024-04-19,"1:56",116,"1:31",91,"1:05",65,"","RT-3","2024-04-24 RT-3",NA,"PH","EH",""
"267","2024","Apr",2024-04-23,"Chinook Salmon","fall","BT-1","NJ","AL, CY","27",10.1,99,"9349",2024-04-19,"2:07",127,"1:33",93,"1:31",91,"","RT-3","2024-04-24 RT-3",NA,"PH","EH",""
"268","2024","Apr",2024-04-23,"Chinook Salmon","fall","BT-1","NJ","AL, CY","28",11.4,97,"9323",2024-04-19,"2:08",128,"1:28",88,"1:00",60,"","RT-3","2024-04-24 RT-3",NA,"PH","EH",""
"269","2024","Apr",2024-04-23,"Chinook Salmon","fall","BT-1","NJ","AL, CY","29",7.8,89,"92DF",2024-04-19,"1:51",111,"2:05",125,"1:00",60,"","RT-3","2024-04-24 RT-3",NA,"PH","EH",""
"270","2024","Apr",2024-04-23,"Chinook Salmon","fall","BT-1","NJ","AL, CY","30",9.2,97,"9343",2024-04-19,"1:33",93,"1:51",111,"1:00",60,"","RT-3","2024-04-24 RT-3",NA,"PH","EH",""
"271","2024","Apr",2024-04-23,"Chinook Salmon","fall","BT-1","NJ","AL, CY","31",9.3,94,"9BAF",2024-04-19,"2:49",169,"1:34",94,"2:20",140,"","RT-4","2024-04-24 RT-4",NA,"PH","EH",""
"272","2024","Apr",2024-04-23,"Chinook Salmon","fall","BT-1","NJ","AL, CY","32",8.3,94,"9BF5",2024-04-19,"1:20",80,"1:58",118,"2:00",120,"","RT-4","2024-04-24 RT-4",NA,"PH","EH",""
"273","2024","Apr",2024-04-23,"Chinook Salmon","fall","BT-1","NJ","AL, CY","33",7.5,89,"945D",2024-04-19,"1:26",86,"1:43",103,"2:30",150,"","RT-4","2024-04-24 RT-4",NA,"PH","EH",""
"274","2024","Apr",2024-04-23,"Chinook Salmon","fall","BT-1","NJ","AL, CY","34",9.1,94,"930D",2024-04-19,"2:06",126,"1:28",88,"1:21",81,"","RT-4","2024-04-24 RT-4",NA,"PH","EH",""
"275","2024","Apr",2024-04-23,"Chinook Salmon","fall","BT-1","NJ","AL, CY","35",8.6,87,"9424",2024-04-19,"1:40",100,"1:45",105,"1:00",60,"","RT-4","2024-04-24 RT-4",NA,"PH","EH",""
"276","2024","Apr",2024-04-23,"Chinook Salmon","fall","BT-1","NJ","AL, CY","36",6.1,85,"93AD",2024-04-19,"1:43",103,"1:32",92,"1:06",66,"","RT-4","2024-04-24 RT-4",NA,"PH","EH",""
"277","2024","Apr",2024-04-23,"Chinook Salmon","fall","BT-1","NJ","AL, CY","37",8.4,93,"92F6",2024-04-19,"1:43",103,"1:27",87,"1:00",60,"","RT-4","2024-04-24 RT-4",NA,"PH","EH",""
"278","2024","Apr",2024-04-23,"Chinook Salmon","fall","BT-1","NJ","AL, CY","38",9.4,95,"92BB",2024-04-19,"2:07",127,"1:25",85,"2:30",150,"","RT-4","2024-04-24 RT-4",NA,"PH","EH",""
"279","2024","Apr",2024-04-23,"Chinook Salmon","fall","BT-1","NJ","AL, CY","39",7.5,89,"92B4",2024-04-19,"1:37",97,"1:30",90,"2:30",150,"","RT-4","2024-04-24 RT-4",NA,"PH","EH",""
"280","2024","Apr",2024-04-23,"Chinook Salmon","fall","BT-1","NJ","AL, CY","40",13,105,"92AF",2024-04-19,"1:35",95,"1:40",100,"1:00",60,"","RT-4","2024-04-24 RT-4",NA,"PH","EH",""
"281","2024","Apr",2024-04-23,"Chinook Salmon","fall","BT-1","CY","NJ, AL","41",10,104,"93DA",2024-04-19,"1:47",107,"2:01",121,"3:00",180,"","RT-5","2024-04-24 RT-5",NA,"PH","EH",""
"282","2024","Apr",2024-04-23,"Chinook Salmon","fall","BT-1","CY","NJ, AL","42",14.1,107,"938A",2024-04-19,"2:35",155,"1:48",108,"2:40",160,"","RT-5","2024-04-24 RT-5",NA,"PH","EH",""
"283","2024","Apr",2024-04-23,"Chinook Salmon","fall","BT-1","CY","NJ, AL","43",11.3,102,"9BE9",2024-04-19,"1:43",103,"1:48",108,"1:51",111,"","RT-5","2024-04-24 RT-5",NA,"PH","EH",""
"284","2024","Apr",2024-04-23,"Chinook Salmon","fall","BT-1","CY","NJ, AL","44",9.5,94,"9C57",2024-04-19,"2:31",151,"1:45",105,"2:26",146,"","RT-5","2024-04-24 RT-5",NA,"PH","EH",""
"285","2024","Apr",2024-04-23,"Chinook Salmon","fall","BT-1","CY","NJ, AL","45",9.7,95,"9479",2024-04-19,"1:53",113,"1:38",98,"1:00",60,"","RT-5","2024-04-24 RT-5",NA,"PH","EH",""
"286","2024","Apr",2024-04-23,"Chinook Salmon","fall","BT-1","CY","NJ, AL","46",10.5,105,"932A",2024-04-19,"1:57",117,"1:46",106,"2:16",136,"","RT-5","2024-04-24 RT-5",NA,"PH","EH",""
"287","2024","Apr",2024-04-23,"Chinook Salmon","fall","BT-1","CY","NJ, AL","47",9.1,98,"9449",2024-04-19,"2:16",136,"1:44",104,"1:00",60,"","RT-5","2024-04-24 RT-5",NA,"PH","EH",""
"288","2024","Apr",2024-04-23,"Chinook Salmon","fall","BT-1","CY","NJ, AL","48",8.3,93,"9B94",2024-04-19,"1:48",108,"1:38",98,"1:00",60,"","RT-5","2024-04-24 RT-5",NA,"PH","EH",""
"289","2024","Apr",2024-04-23,"Chinook Salmon","fall","BT-1","CY","NJ, AL","49",11.8,106,"9B71",2024-04-19,"1:50",110,"1:55",115,"1:00",60,"","RT-5","2024-04-24 RT-5",NA,"PH","EH",""
"290","2024","Apr",2024-04-23,"Chinook Salmon","fall","BT-1","CY","NJ, AL","50",9.6,96,"934E",2024-04-19,"2:01",121,"1:41",101,"1:00",60,"","RT-5","2024-04-24 RT-5",NA,"PH","EH",""
"291","2024","Apr",2024-04-23,"Chinook Salmon","fall","BT-1","CY","NJ, AL","51",10.6,97,"92C2",2024-04-19,"1:39",99,"1:50",110,"2:20",140,"","RT-6","2024-04-24 RT-6",NA,"PH","EH",""
"292","2024","Apr",2024-04-23,"Chinook Salmon","fall","BT-1","CY","NJ, AL","52",10.4,100,"92FD",2024-04-19,"1:59",119,"1:53",113,"2:30",150,"","RT-6","2024-04-24 RT-6",NA,"PH","EH",""
"293","2024","Apr",2024-04-23,"Chinook Salmon","fall","BT-1","CY","NJ, AL","53",13.9,108,"94C4",2024-04-19,"1:51",111,"1:48",108,"1:00",60,"","RT-6","2024-04-24 RT-6",NA,"PH","EH",""
"294","2024","Apr",2024-04-23,"Chinook Salmon","fall","BT-1","CY","NJ, AL","54",9,95,"A35B",2024-04-19,"2:10",130,"1:49",109,"1:00",60,"","RT-6","2024-04-24 RT-6",NA,"PH","EH",""
"295","2024","Apr",2024-04-23,"Chinook Salmon","fall","BT-1","CY","NJ, AL","55",7,95,"A281",2024-04-19,"2:08",128,"1:50",110,"2:19",139,"","RT-6","2024-04-24 RT-6",NA,"PH","EH",""
"296","2024","Apr",2024-04-23,"Chinook Salmon","fall","BT-1","CY","NJ, AL","56",12.9,107,"944A",2024-04-19,"1:25",85,"1:46",106,"1:00",60,"","RT-6","2024-04-24 RT-6",NA,"PH","EH",""
"297","2024","Apr",2024-04-23,"Chinook Salmon","fall","BT-1","CY","NJ, AL","57",7,85,"9351",2024-04-19,"1:24",84,"1:50",110,"2:00",120,"","RT-6","2024-04-24 RT-6",NA,"PH","EH",""
"298","2024","Apr",2024-04-23,"Chinook Salmon","fall","BT-1","CY","NJ, AL","58",10.7,99,"92CB",2024-04-19,"2:12",132,"1:51",111,"1:03",63,"","RT-6","2024-04-24 RT-6",NA,"PH","EH",""
"299","2024","Apr",2024-04-23,"Chinook Salmon","fall","BT-1","CY","NJ, AL","59",10.6,101,"9365",2024-04-19,"2:04",124,"1:38",98,"1:00",60,"","RT-6","2024-04-24 RT-6",NA,"PH","EH",""
"300","2024","Apr",2024-04-23,"Chinook Salmon","fall","BT-1","CY","NJ, AL","60",10.3,99,"944D",2024-04-19,"1:46",106,"1:44",104,"1:00",60,"","RT-6","2024-04-24 RT-6",NA,"PH","EH",""
"301","2024","Apr",2024-04-23,"Chinook Salmon","fall","BT-1","CY","NJ, AL","61",10.2,98,"9D23",2024-04-23,"1:53",113,"1:47",107,"3:00",180,"","RT-7","2024-04-24 RT-7",NA,"PH","EH",""
"302","2024","Apr",2024-04-23,"Chinook Salmon","fall","BT-1","CY","NJ, AL","62",11,97,"9B3A",2024-04-19,"1:15",75,"2:12",132,"2:29",149,"","RT-7","2024-04-24 RT-7",NA,"PH","EH",""
"303","2024","Apr",2024-04-23,"Chinook Salmon","fall","BT-1","CY","NJ, AL","63",13.4,104,"9B44",2024-04-19,"2:04",124,"1:45",105,"2:20",140,"","RT-7","2024-04-24 RT-7",NA,"PH","EH",""
"304","2024","Apr",2024-04-23,"Chinook Salmon","fall","BT-1","CY","NJ, AL","64",16.6,113,"9466",2024-04-19,"1:55",115,"2:04",124,"1:00",60,"","RT-7","2024-04-24 RT-7",NA,"PH","EH",""
"305","2024","Apr",2024-04-23,"Chinook Salmon","fall","BT-1","CY","NJ, AL","65",5,81,"94C7",2024-04-19,"2:28",148,"2:01",121,"2:00",120,"","RT-7","2024-04-24 RT-7",NA,"PH","EH",""
"306","2024","Apr",2024-04-23,"Chinook Salmon","fall","BT-1","CY","NJ, AL","66",10.1,104,"9B7A",2024-04-19,"2:21",141,"1:51",111,"1:00",60,"","RT-7","2024-04-24 RT-7",NA,"PH","EH",""
"307","2024","Apr",2024-04-23,"Chinook Salmon","fall","BT-1","CY","NJ, AL","67",8.5,95,"9448",2024-04-19,"1:28",88,"1:47",107,"1:00",60,"","RT-7","2024-04-24 RT-7",NA,"PH","EH",""
"308","2024","Apr",2024-04-23,"Chinook Salmon","fall","BT-1","CY","NJ, AL","68",12.6,104,"92A8",2024-04-19,"2:07",127,"1:47",107,"1:00",60,"","RT-7","2024-04-24 RT-7",NA,"PH","EH",""
"309","2024","Apr",2024-04-23,"Chinook Salmon","fall","BT-1","CY","NJ, AL","69",9.6,96,"926F",2024-04-19,"2:24",144,"2:04",124,"1:00",60,"","RT-7","2024-04-24 RT-7",NA,"PH","EH",""
"310","2024","Apr",2024-04-23,"Chinook Salmon","fall","BT-1","CY","NJ, AL","70",9.6,95,"92FA",2024-04-19,"2:17",137,"2:00",120,"2:40",160,"","RT-7","2024-04-24 RT-7",NA,"PH","EH",""
"311","2024","Apr",2024-04-23,"Chinook Salmon","fall","BT-1","CY","NJ, AL","71",9.3,95,"9297",2024-04-19,"1:36",96,"1:57",117,"1:58",118,"","RT-8","2024-04-24 RT-8",NA,"PH","EH",""
"312","2024","Apr",2024-04-23,"Chinook Salmon","fall","BT-1","CY","NJ, AL","72",9.1,94,"9CF5",2024-04-19,"1:42",102,"2:02",122,"3:00",180,"","RT-8","2024-04-24 RT-8",NA,"PH","EH",""
"313","2024","Apr",2024-04-23,"Chinook Salmon","fall","BT-1","CY","NJ, AL","73",11.5,103,"9F69",2024-04-19,"2:35",155,"1:53",113,"2:30",150,"","RT-8","2024-04-24 RT-8",NA,"PH","EH",""
"314","2024","Apr",2024-04-23,"Chinook Salmon","fall","BT-1","CY","NJ, AL","74",11.8,106,"9443",2024-04-19,"2:03",123,"2:03",123,"1:15",75,"","RT-8","2024-04-24 RT-8",NA,"PH","EH",""
"315","2024","Apr",2024-04-23,"Chinook Salmon","fall","BT-1","CY","NJ, AL","75",10,100,"29B4",2024-04-19,"2:13",133,"1:40",100,"2:45",165,"","RT-8","2024-04-24 RT-8",NA,"PH","EH",""
"316","2024","Apr",2024-04-23,"Chinook Salmon","fall","BT-1","CY","NJ, AL","76",10.7,96,"9B89",2024-04-19,"2:01",121,"1:59",119,"1:00",60,"","RT-8","2024-04-24 RT-8",NA,"PH","EH",""
"317","2024","Apr",2024-04-23,"Chinook Salmon","fall","BT-1","CY","NJ, AL","77",9.3,94,"9D9B",2024-04-19,"2:29",149,"1:55",115,"1:00",60,"","RT-8","2024-04-24 RT-8",NA,"PH","EH",""
"318","2024","Apr",2024-04-23,"Chinook Salmon","fall","BT-1","CY","NJ, AL","78",9.7,95,"94CE",2024-04-19,"2:16",136,"1:43",103,"1:43",103,"","RT-8","2024-04-24 RT-8",NA,"PH","EH",""
"319","2024","Apr",2024-04-23,"Chinook Salmon","fall","BT-1","CY","NJ, AL","79",9.1,98,"9D67",2024-04-19,"2:13",133,"2:57",177,"2:24",144,"two sutures ","RT-8","2024-04-24 RT-8",NA,"PH","EH",""
"320","2024","Apr",2024-04-23,"Chinook Salmon","fall","BT-1","CY","NJ, AL","80",8.6,93,"9CCA",2024-04-19,"2:36",156,"1:47",107,"4:00",240,"","RT-8","2024-04-24 RT-8",NA,"PH","EH",""
"321","2024","Apr",2024-04-24,"Chinook Salmon","fall","BT-2","NJ","AC, CY","1",11.2,96,"9D77",2024-04-19,"1:15",75,"1:55",115,"3:20",200,"","RT-9","2024-04-25 RT-9",NA,"EH","PH",""
"322","2024","Apr",2024-04-24,"Chinook Salmon","fall","BT-2","NJ","AC, CY","2",9.4,93,"9B6B",2024-04-19,"2:19",139,"1:30",90,"1:00",60,"","RT-9","2024-04-25 RT-9",NA,"EH","PH",""
"323","2024","Apr",2024-04-24,"Chinook Salmon","fall","BT-2","NJ","AC, CY","3",10.5,97,"29E5",2024-04-19,"2:00",120,"1:33",93,"3:25",205,"","RT-9","2024-04-25 RT-9",NA,"EH","PH",""
"324","2024","Apr",2024-04-24,"Chinook Salmon","fall","BT-2","NJ","AC, CY","4",10.1,92,"9D2C",2024-04-19,"2:17",137,"1:34",94,"2:45",165,"","RT-9","2024-04-25 RT-9",NA,"EH","PH",""
"325","2024","Apr",2024-04-24,"Chinook Salmon","fall","BT-2","NJ","AC, CY","5",10.1,94,"9CAC",2024-04-19,"1:35",95,"1:57",117,"1:08",68,"","RT-9","2024-04-25 RT-9",NA,"EH","PH",""
"326","2024","Apr",2024-04-24,"Chinook Salmon","fall","BT-2","NJ","AC, CY","6",9.1,94,"9D29",2024-04-19,"1:55",115,"1:54",114,"3:00",180,"","RT-9","2024-04-25 RT-9",NA,"EH","PH",""
"327","2024","Apr",2024-04-24,"Chinook Salmon","fall","BT-2","NJ","AC, CY","7",9,92,"9CBB",2024-04-19,"2:07",127,"2:35",155,"1:32",92,"","RT-9","2024-04-25 RT-9",NA,"EH","PH",""
"328","2024","Apr",2024-04-24,"Chinook Salmon","fall","BT-2","NJ","AC, CY","8",5.5,80,"9E2A",2024-04-19,"1:45",105,"1:54",114,"2:00",120,"","RT-9","2024-04-25 RT-9",NA,"EH","PH",""
"329","2024","Apr",2024-04-24,"Chinook Salmon","fall","BT-2","NJ","AC, CY","9",6.6,85,"2A23",2024-04-19,"1:51",111,"1:40",100,"2:22",142,"","RT-9","2024-04-25 RT-9",NA,"EH","PH","corrected recovery time "
"330","2024","Apr",2024-04-24,"Chinook Salmon","fall","BT-2","NJ","AC, CY","10",12.5,102,"9F5B",2024-04-19,"1:01",61,"1:29",89,"1:17",77,"","RT-9","2024-04-25 RT-9",NA,"EH","PH",""
"331","2024","Apr",2024-04-24,"Chinook Salmon","fall","BT-2","NJ","AC, CY","11",10.8,102,"9F59",2024-04-19,"1:15",75,"1:24",84,"1:00",60,"","RT-10","2024-04-25 RT-10",NA,"EH","PH",""
"332","2024","Apr",2024-04-24,"Chinook Salmon","fall","BT-2","NJ","AC, CY","12",10,98,"2A36",2024-04-19,"1:55",115,"1:24",84,"2:22",142,"","RT-10","2024-04-25 RT-10",NA,"EH","PH",""
"333","2024","Apr",2024-04-24,"Chinook Salmon","fall","BT-2","NJ","AC, CY","13",11.7,104,"9C94",2024-04-19,"1:53",113,"1:36",96,"1:00",60,"","RT-10","2024-04-25 RT-10",NA,"EH","PH",""
"334","2024","Apr",2024-04-24,"Chinook Salmon","fall","BT-2","NJ","AC, CY","14",13.1,102,"9B29",2024-04-19,"1:15",75,"1:23",83,"2:55",175,"","RT-10","2024-04-25 RT-10",NA,"EH","PH",""
"335","2024","Apr",2024-04-24,"Chinook Salmon","fall","BT-2","NJ","AC, CY","15",14,107,"9C9D",2024-04-19,"1:45",105,"1:44",104,"1:00",60,"","RT-10","2024-04-25 RT-10",NA,"EH","PH",""
"336","2024","Apr",2024-04-24,"Chinook Salmon","fall","BT-2","NJ","AC, CY","16",9.2,93,"9D26",2024-04-19,"1:30",90,"1:23",83,"2:00",120,"","RT-10","2024-04-25 RT-10",NA,"EH","PH",""
"337","2024","Apr",2024-04-24,"Chinook Salmon","fall","BT-2","NJ","AC, CY","17",9.8,95,"9D16",2024-04-19,"1:27",87,"1:23",83,"3:00",180,"","RT-10","2024-04-25 RT-10",NA,"EH","PH",""
"338","2024","Apr",2024-04-24,"Chinook Salmon","fall","BT-2","NJ","AC, CY","18",10.8,95,"944E",2024-04-19,"1:26",86,"1:44",104,"1:45",105,"","RT-10","2024-04-25 RT-10",NA,"EH","PH",""
"339","2024","Apr",2024-04-24,"Chinook Salmon","fall","BT-2","NJ","AC, CY","19",10.7,97,"948B",2024-04-19,"2:21",141,"1:32",92,"2:20",140,"","RT-10","2024-04-25 RT-10",NA,"EH","PH",""
"340","2024","Apr",2024-04-24,"Chinook Salmon","fall","BT-2","NJ","AC, CY","20",9.6,92,"9CAB",2024-04-19,"1:26",86,"1:40",100,"1:30",90,"","RT-10","2024-04-25 RT-10",NA,"EH","PH",""
"341","2024","Apr",2024-04-24,"Chinook Salmon","fall","BT-2","NJ","AC, CY","21",8.2,94,"9CBA",2024-04-19,"3:25",205,"1:41",101,"3:00",180,"","RT-11","2024-04-25 RT-11",NA,"EH","PH",""
"342","2024","Apr",2024-04-24,"Chinook Salmon","fall","BT-2","NJ","AC, CY","22",11.6,106,"9B46",2024-04-19,"2:01",121,"1:18",78,"2:05",125,"","RT-11","2024-04-25 RT-11",NA,"EH","PH",""
"343","2024","Apr",2024-04-24,"Chinook Salmon","fall","BT-2","NJ","AC, CY","23",10.7,95,"9B5C",2024-04-19,"1:22",82,"1:42",102,"2:30",150,"","RT-11","2024-04-25 RT-11",NA,"EH","PH",""
"344","2024","Apr",2024-04-24,"Chinook Salmon","fall","BT-2","NJ","AC, CY","24",12.2,101,"9BD1",2024-04-19,"2:05",125,"1:36",96,"1:30",90,"","RT-11","2024-04-25 RT-11",NA,"EH","PH",""
"345","2024","Apr",2024-04-24,"Chinook Salmon","fall","BT-2","NJ","AC, CY","25",9.9,97,"9441",2024-04-19,"2:39",159,"1:26",86,"2:20",140,"","RT-11","2024-04-25 RT-11",NA,"EH","PH",""
"346","2024","Apr",2024-04-24,"Chinook Salmon","fall","BT-2","NJ","AC, CY","26",10.9,97,"9BD5",2024-04-19,"1:43",103,"1:26",86,"1:54",114,"","RT-11","2024-04-25 RT-11",NA,"EH","PH",""
"347","2024","Apr",2024-04-24,"Chinook Salmon","fall","BT-2","NJ","AC, CY","27",12.5,105,"9D21",2024-04-19,"1:31",91,"1:42",102,"2:15",135,"","RT-11","2024-04-25 RT-11",NA,"EH","PH",""
"348","2024","Apr",2024-04-24,"Chinook Salmon","fall","BT-2","NJ","AC, CY","28",11.2,100,"9E56",2024-04-19,"1:18",78,"1:28",88,"2:00",120,"","RT-11","2024-04-25 RT-11",NA,"EH","PH",""
"349","2024","Apr",2024-04-24,"Chinook Salmon","fall","BT-2","NJ","AC, CY","29",15.7,110,"9D32",2024-04-19,"1:30",90,"1:16",76,"3:00",180,"","RT-11","2024-04-25 RT-11",NA,"EH","PH",""
"350","2024","Apr",2024-04-24,"Chinook Salmon","fall","BT-2","NJ","AC, CY","30",12.3,102,"943B",2024-04-19,"2:01",121,"1:28",88,"3:20",200,"","RT-11","2024-04-25 RT-11",NA,"EH","PH",""
"351","2024","Apr",2024-04-24,"Chinook Salmon","fall","BT-2","NJ","AC, CY","31",9.5,95,"9DAC",2024-04-19,"2:00",120,"1:19",79,"1:34",94,"","RT-12","2024-04-25 RT-12",NA,"EH","PH",""
"352","2024","Apr",2024-04-24,"Chinook Salmon","fall","BT-2","NJ","AC, CY","32",13.3,103,"9D8B",2024-04-19,"1:52",112,"1:19",79,"1:30",90,"","RT-12","2024-04-25 RT-12",NA,"EH","PH","tag entered as 9D83, changed to 9D8B"
"353","2024","Apr",2024-04-24,"Chinook Salmon","fall","BT-2","NJ","AC, CY","33",11.4,100,"9D12",2024-04-19,"1:38",98,"1:06",66,"2:10",130,"","RT-12","2024-04-25 RT-12",NA,"EH","PH",""
"354","2024","Apr",2024-04-24,"Chinook Salmon","fall","BT-2","NJ","AC, CY","34",9.9,95,"9D42",2024-04-19,"1:09",69,"1:07",67,"2:06",126,"","RT-12","2024-04-25 RT-12",NA,"EH","PH",""
"355","2024","Apr",2024-04-24,"Chinook Salmon","fall","BT-2","NJ","AC, CY","35",10.4,96,"9C69",2024-04-19,"1:15",75,"1:07",67,"1:40",100,"","RT-12","2024-04-25 RT-12",NA,"EH","PH",""
"356","2024","Apr",2024-04-24,"Chinook Salmon","fall","BT-2","NJ","AC, CY","36",12.6,104,"9D57",2024-04-19,"1:48",108,"1:10",70,"2:30",150,"","RT-12","2024-04-25 RT-12",NA,"EH","PH",""
"357","2024","Apr",2024-04-24,"Chinook Salmon","fall","BT-2","NJ","AC, CY","37",12.5,102,"9B96",2024-04-19,"1:22",82,"1:23",83,"1:00",60,"","RT-12","2024-04-25 RT-12",NA,"EH","PH",""
"358","2024","Apr",2024-04-24,"Chinook Salmon","fall","BT-2","NJ","AC, CY","38",14.6,106,"2A3D",2024-04-19,"1:42",102,"1:16",76,"1:45",105,"","RT-12","2024-04-25 RT-12",NA,"EH","PH",""
"359","2024","Apr",2024-04-24,"Chinook Salmon","fall","BT-2","NJ","AC, CY","39",11.2,97,"9D0B",2024-04-19,"1:31",91,"1:37",97,"2:30",150,"","RT-12","2024-04-25 RT-12",NA,"EH","PH",""
"360","2024","Apr",2024-04-24,"Chinook Salmon","fall","BT-2","NJ","AC, CY","40",7.9,85,"94A8",2024-04-19,"1:36",96,"1:41",101,"2:39",159,"","RT-12","2024-04-25 RT-12",NA,"EH","PH",""
"361","2024","Apr",2024-04-24,"Chinook Salmon","fall","BT-2","CY","NJ, AC","41",11.3,100,"9CB7",2024-04-19,"3:28",208,"1:49",109,"1:32",92,"","RT-13","2024-04-25 RT-13",NA,"EH","PH",""
"362","2024","Apr",2024-04-24,"Chinook Salmon","fall","BT-2","CY","NJ, AC","42",11.2,104,"9D37",2024-04-19,"1:27",87,"1:40",100,"1:00",60,"","RT-13","2024-04-25 RT-13",NA,"EH","PH","corrected anesth time "
"363","2024","Apr",2024-04-24,"Chinook Salmon","fall","BT-2","CY","NJ, AC","43",11.8,108,"94CD",2024-04-19,"2:18",138,"1:55",115,"2:40",160,"","RT-13","2024-04-25 RT-13",NA,"EH","PH",""
"364","2024","Apr",2024-04-24,"Chinook Salmon","fall","BT-2","CY","NJ, AC","44",9.2,96,"9436",2024-04-19,"2:24",144,"1:49",109,"2:14",134,"","RT-13","2024-04-25 RT-13",NA,"EH","PH",""
"365","2024","Apr",2024-04-24,"Chinook Salmon","fall","BT-2","CY","NJ, AC","45",9.3,95,"9CB3",2024-04-19,"2:25",145,"2:00",120,"1:00",60,"","RT-13","2024-04-25 RT-13",NA,"EH","PH",""
"366","2024","Apr",2024-04-24,"Chinook Salmon","fall","BT-2","CY","NJ, AC","46",10,98,"9DD2",2024-04-19,"1:33",93,"1:49",109,"1:00",60,"","RT-13","2024-04-25 RT-13",NA,"EH","PH",""
"367","2024","Apr",2024-04-24,"Chinook Salmon","fall","BT-2","CY","NJ, AC","47",7.1,85,"9B7D",2024-04-19,"1:57",117,"1:40",100,"1:00",60,"","RT-13","2024-04-25 RT-13",NA,"EH","PH",""
"368","2024","Apr",2024-04-24,"Chinook Salmon","fall","BT-2","CY","NJ, AC","48",10.5,97,"9E52",2024-04-19,"2:44",164,"1:49",109,"2:43",163,"","RT-13","2024-04-25 RT-13",NA,"EH","PH",""
"369","2024","Apr",2024-04-24,"Chinook Salmon","fall","BT-2","CY","NJ, AC","49",8.9,90,"9C9A",2024-04-19,"2:22",142,"1:45",105,"1:53",113,"","RT-13","2024-04-25 RT-13",NA,"EH","PH",""
"370","2024","Apr",2024-04-24,"Chinook Salmon","fall","BT-2","CY","NJ, AC","50",10.4,98,"9BAE",2024-04-19,"1:46",106,"1:40",100,"1:55",115,"","RT-13","2024-04-25 RT-13",NA,"EH","PH",""
"371","2024","Apr",2024-04-24,"Chinook Salmon","fall","BT-2","CY","NJ, AC","51",11.8,100,"9F52",2024-04-19,"1:31",91,"2:00",120,"1:00",60,"","RT-14","2024-04-25 RT-14",NA,"EH","PH",""
"372","2024","Apr",2024-04-24,"Chinook Salmon","fall","BT-2","CY","NJ, AC","52",9.8,96,"9BB7",2024-04-19,"1:45",105,"1:47",107,"2:45",165,"","RT-14","2024-04-25 RT-14",NA,"EH","PH",""
"373","2024","Apr",2024-04-24,"Chinook Salmon","fall","BT-2","CY","NJ, AC","53",12.1,98,"9D4D",2024-04-19,"2:00",120,"1:58",118,"2:33",153,"","RT-14","2024-04-25 RT-14",NA,"EH","PH",""
"374","2024","Apr",2024-04-24,"Chinook Salmon","fall","BT-2","CY","NJ, AC","54",11.4,99,"9C6D",2024-04-19,"2:17",137,"1:48",108,"2:17",137,"","RT-14","2024-04-25 RT-14",NA,"EH","PH",""
"375","2024","Apr",2024-04-24,"Chinook Salmon","fall","BT-2","CY","NJ, AC","55",9.8,96,"9BBA",2024-04-19,"1:57",117,"1:38",98,"1:00",60,"","RT-14","2024-04-25 RT-14",NA,"EH","PH",""
"376","2024","Apr",2024-04-24,"Chinook Salmon","fall","BT-2","CY","NJ, AC","56",11.1,96,"9B36",2024-04-19,"1:52",112,"1:30",90,"2:42",162,"","RT-14","2024-04-25 RT-14",NA,"EH","PH",""
"377","2024","Apr",2024-04-24,"Chinook Salmon","fall","BT-2","CY","NJ, AC","57",11.8,102,"9E29",2024-04-19,"1:31",91,"1:49",109,"2:30",150,"","RT-14","2024-04-25 RT-14",NA,"EH","PH",""
"378","2024","Apr",2024-04-24,"Chinook Salmon","fall","BT-2","CY","NJ, AC","58",15.7,113,"9CC5",2024-04-19,"2:23",143,"1:35",95,"2:22",142,"","RT-14","2024-04-25 RT-14",NA,"EH","PH",""
"379","2024","Apr",2024-04-24,"Chinook Salmon","fall","BT-2","CY","NJ, AC","59",10.2,96,"9D96",2024-04-19,"1:57",117,"1:30",90,"2:29",149,"","RT-14","2024-04-25 RT-14",NA,"EH","PH",""
"380","2024","Apr",2024-04-24,"Chinook Salmon","fall","BT-2","CY","NJ, AC","60",9.3,93,"94A0",2024-04-19,"1:47",107,"1:34",94,"1:45",105,"","RT-14","2024-04-25 RT-14",NA,"EH","PH",""
"381","2024","Apr",2024-04-24,"Chinook Salmon","fall","BT-2","CY","NJ, AC","61",12.5,103,"9CA8",2024-04-19,"1:48",108,"1:46",106,"2:30",150,"","RT-15","2024-04-25 RT-15",NA,"EH","PH",""
"382","2024","Apr",2024-04-24,"Chinook Salmon","fall","BT-2","CY","NJ, AC","62",8.8,96,"9BB5",2024-04-19,"1:52",112,"1:50",110,"2:20",140,"","RT-15","2024-04-25 RT-15",NA,"EH","PH",""
"383","2024","Apr",2024-04-24,"Chinook Salmon","fall","BT-2","CY","NJ, AC","63",8.1,88,"948D",2024-04-19,"1:55",115,"1:50",110,"2:20",140,"","RT-15","2024-04-25 RT-15",NA,"EH","PH",""
"384","2024","Apr",2024-04-24,"Chinook Salmon","fall","BT-2","CY","NJ, AC","64",9.8,98,"9E35",2024-04-19,"1:51",111,"1:37",97,"1:00",60,"","RT-15","2024-04-25 RT-15",NA,"EH","PH",""
"385","2024","Apr",2024-04-24,"Chinook Salmon","fall","BT-2","CY","NJ, AC","65",8.3,93,"9CA1",2024-04-19,"2:10",130,"1:30",90,"1:55",115,"","RT-15","2024-04-25 RT-15",NA,"EH","PH",""
"386","2024","Apr",2024-04-24,"Chinook Salmon","fall","BT-2","CY","NJ, AC","66",9.8,98,"9467",2024-04-19,"1:18",78,"1:35",95,"3:00",180,"","RT-15","2024-04-25 RT-15",NA,"EH","PH",""
"387","2024","Apr",2024-04-24,"Chinook Salmon","fall","BT-2","CY","NJ, AC","67",6.6,80,"9DCA",2024-04-19,"1:41",101,"2:04",124,"1:50",110,"","RT-15","2024-04-25 RT-15",NA,"EH","PH",""
"388","2024","Apr",2024-04-24,"Chinook Salmon","fall","BT-2","CY","NJ, AC","68",9.9,96,"9F51",2024-04-19,"2:19",139,"1:31",91,"2:05",125,"","RT-15","2024-04-25 RT-15",NA,"EH","PH",""
"389","2024","Apr",2024-04-24,"Chinook Salmon","fall","BT-2","CY","NJ, AC","69",9.3,93,"9F4B",2024-04-19,"1:29",89,"1:29",89,"2:47",167,"","RT-15","2024-04-25 RT-15",NA,"EH","PH",""
"390","2024","Apr",2024-04-24,"Chinook Salmon","fall","BT-2","CY","NJ, AC","70",10.5,98,"9D0A",2024-04-19,"1:29",89,"1:37",97,"1:00",60,"","RT-15","2024-04-25 RT-15",NA,"EH","PH",""
"391","2024","Apr",2024-04-24,"Chinook Salmon","fall","BT-2","CY","NJ, AC","71",9.7,97,"9DA9",2024-04-19,"1:27",87,"2:04",124,"1:00",60,"","RT-16","2024-04-25 RT-16",NA,"EH","PH",""
"392","2024","Apr",2024-04-24,"Chinook Salmon","fall","BT-2","CY","NJ, AC","72",10.6,98,"9ED9",2024-04-19,"1:59",119,"1:35",95,"2:30",150,"","RT-16","2024-04-25 RT-16",NA,"EH","PH",""
"393","2024","Apr",2024-04-24,"Chinook Salmon","fall","BT-2","CY","NJ, AC","73",12.8,104,"9DE9",2024-04-19,"1:42",102,"1:44",104,"2:30",150,"","RT-16","2024-04-25 RT-16",NA,"EH","PH",""
"394","2024","Apr",2024-04-24,"Chinook Salmon","fall","BT-2","CY","NJ, AC","74",8.3,91,"9B28",2024-04-19,"2:09",129,"1:37",97,"1:00",60,"","RT-16","2024-04-25 RT-16",NA,"EH","PH",""
"395","2024","Apr",2024-04-24,"Chinook Salmon","fall","BT-2","CY","NJ, AC","75",12.5,104,"9CD3",2024-04-19,"2:13",133,"1:38",98,"1:05",65,"","RT-16","2024-04-25 RT-16",NA,"EH","PH",""
"396","2024","Apr",2024-04-24,"Chinook Salmon","fall","BT-2","CY","NJ, AC","76",8.2,84,"9CB6",2024-04-19,"2:10",130,"1:40",100,"2:40",160,"","RT-16","2024-04-25 RT-16",NA,"EH","PH",""
"397","2024","Apr",2024-04-24,"Chinook Salmon","fall","BT-2","CY","NJ, AC","77",9.8,99,"9DAE",2024-04-19,"1:50",110,"1:45",105,"2:20",140,"","RT-16","2024-04-25 RT-16",NA,"EH","PH",""
"398","2024","Apr",2024-04-24,"Chinook Salmon","fall","BT-2","CY","NJ, AC","78",9,94,"9F55",2024-04-19,"2:09",129,"1:31",91,"1:40",100,"","RT-16","2024-04-25 RT-16",NA,"EH","PH",""
"399","2024","Apr",2024-04-24,"Chinook Salmon","fall","BT-2","CY","NJ, AC","79",10.7,100,"9CA2",2024-04-19,"1:47",107,"1:33",93,"2:39",159,"","RT-16","2024-04-25 RT-16",NA,"EH","PH",""
"400","2024","Apr",2024-04-24,"Chinook Salmon","fall","BT-2","CY","NJ, AC","80",10.8,96,"9C4B",2024-04-19,"1:42",102,"1:44",104,"1:00",60,"","RT-16","2024-04-25 RT-16",NA,"EH","PH",""
"401","2024","Apr",2024-04-25,"Chinook Salmon","fall","BT-4","NJ","CY, SB","1",9.9,97,"9D89",2024-04-19,"1:15",75,"1:35",95,"3:00",180,"","RT-17","2024-04-26 RT-17",NA,"EH","PH",""
"402","2024","Apr",2024-04-25,"Chinook Salmon","fall","BT-4","NJ","CY, SB","2",10.7,97,"29B9",2024-04-19,"1:36",96,"1:29",89,"1:00",60,"","RT-17","2024-04-26 RT-17",NA,"EH","PH",""
"403","2024","Apr",2024-04-25,"Chinook Salmon","fall","BT-4","NJ","CY, SB","3",8.3,85,"9E51",2024-04-19,"2:29",149,"1:47",107,"1:30",90,"","RT-17","2024-04-26 RT-17",NA,"EH","PH",""
"404","2024","Apr",2024-04-25,"Chinook Salmon","fall","BT-4","NJ","CY, SB","4",8.4,92,"9D24",2024-04-19,"1:30",90,"1:33",93,"1:00",60,"","RT-17","2024-04-26 RT-17",NA,"EH","PH","corrected anesth time"
"405","2024","Apr",2024-04-25,"Chinook Salmon","fall","BT-4","NJ","CY, SB","5",10.9,94,"9BD4",2024-04-19,"1:39",99,"1:18",78,"1:00",60,"","RT-17","2024-04-26 RT-17",NA,"EH","PH",""
"406","2024","Apr",2024-04-25,"Chinook Salmon","fall","BT-4","NJ","CY, SB","6",10.1,95,"9EF5",2024-04-19,"1:40",100,"1:38",98,"2:30",150,"","RT-17","2024-04-26 RT-17",NA,"EH","PH",""
"407","2024","Apr",2024-04-25,"Chinook Salmon","fall","BT-4","NJ","CY, SB","7",11.1,95,"29D1",2024-04-19,"1:56",116,"1:30",90,"2:30",150,"","RT-17","2024-04-26 RT-17",NA,"EH","PH",""
"408","2024","Apr",2024-04-25,"Chinook Salmon","fall","BT-4","NJ","CY, SB","8",12.7,104,"9F25",2024-04-19,"1:37",97,"1:37",97,"1:00",60,"","RT-17","2024-04-26 RT-17",NA,"EH","PH",""
"409","2024","Apr",2024-04-25,"Chinook Salmon","fall","BT-4","NJ","CY, SB","9",12.5,102,"9442",2024-04-19,"1:29",89,"1:28",88,"1:00",60,"","RT-17","2024-04-26 RT-17",NA,"EH","PH",""
"410","2024","Apr",2024-04-25,"Chinook Salmon","fall","BT-4","NJ","CY, SB","10",15.4,106,"94CF",2024-04-19,"1:39",99,"1:45",105,"1:00",60,"","RT-17","2024-04-26 RT-17",NA,"EH","PH",""
"411","2024","Apr",2024-04-25,"Chinook Salmon","fall","BT-4","NJ","CY, SB","11",9.6,95,"9D71",2024-04-19,"2:21",141,"1:18",78,"1:00",60,"","RT-18","2024-04-26 RT-18",NA,"EH","PH",""
"412","2024","Apr",2024-04-25,"Chinook Salmon","fall","BT-4","NJ","CY, SB","12",12.7,102,"9DC9",2024-04-19,"1:54",114,"1:38",98,"1:00",60,"","RT-18","2024-04-26 RT-18",NA,"EH","PH",""
"413","2024","Apr",2024-04-25,"Chinook Salmon","fall","BT-4","NJ","CY, SB","13",11.8,95,"9E4B",2024-04-19,"1:33",93,"1:36",96,"2:00",120,"","RT-18","2024-04-26 RT-18",NA,"EH","PH",""
"414","2024","Apr",2024-04-25,"Chinook Salmon","fall","BT-4","NJ","CY, SB","14",12.6,102,"9B62",2024-04-19,"1:33",93,"1:08",68,"1:00",60,"","RT-18","2024-04-26 RT-18",NA,"EH","PH",""
"415","2024","Apr",2024-04-25,"Chinook Salmon","fall","BT-4","NJ","CY, SB","15",9.4,94,"9D2E",2024-04-19,"1:39",99,"1:12",72,"1:45",105,"","RT-18","2024-04-26 RT-18",NA,"EH","PH",""
"416","2024","Apr",2024-04-25,"Chinook Salmon","fall","BT-4","NJ","CY, SB","16",14.8,102,"9BA5",2024-04-19,"2:11",131,"1:23",83,"1:00",60,"","RT-18","2024-04-26 RT-18",NA,"EH","PH",""
"417","2024","Apr",2024-04-25,"Chinook Salmon","fall","BT-4","NJ","CY, SB","17",9.5,95,"9D1A",2024-04-19,"1:48",108,"1:23",83,"1:05",65,"","RT-18","2024-04-26 RT-18",NA,"EH","PH",""
"418","2024","Apr",2024-04-25,"Chinook Salmon","fall","BT-4","NJ","CY, SB","18",9.1,94,"9D19",2024-04-19,"1:40",100,"1:22",82,"2:20",140,"","RT-18","2024-04-26 RT-18",NA,"EH","PH",""
"419","2024","Apr",2024-04-25,"Chinook Salmon","fall","BT-4","NJ","CY, SB","19",8.9,93,"9444",2024-04-19,"2:05",125,"1:24",84,"1:45",105,"","RT-18","2024-04-26 RT-18",NA,"EH","PH",""
"420","2024","Apr",2024-04-25,"Chinook Salmon","fall","BT-4","NJ","CY, SB","20",11.9,98,"9D65",2024-04-19,"1:25",85,"1:26",86,"1:00",60,"","RT-18","2024-04-26 RT-18",NA,"EH","PH",""
"421","2024","Apr",2024-04-25,"Chinook Salmon","fall","BT-4","NJ","CY, SB","21",12.4,100,"9BAC",2024-04-19,"1:25",85,"1:32",92,"1:00",60,"","RT-19","2024-04-26 RT-19",NA,"EH","PH",""
"422","2024","Apr",2024-04-25,"Chinook Salmon","fall","BT-4","NJ","CY, SB","22",11.2,97,"29D0",2024-04-19,"2:01",121,"1:36",96,"1:00",60,"","RT-19","2024-04-26 RT-19",NA,"EH","PH",""
"423","2024","Apr",2024-04-25,"Chinook Salmon","fall","BT-4","NJ","CY, SB","23",12.6,102,"9B79",2024-04-19,"1:45",105,"1:41",101,"1:00",60,"","RT-19","2024-04-26 RT-19",NA,"EH","PH",""
"424","2024","Apr",2024-04-25,"Chinook Salmon","fall","BT-4","NJ","CY, SB","24",11.4,99,"29AF",2024-04-19,"1:34",94,"1:38",98,"3:20",200,"","RT-19","2024-04-26 RT-19",NA,"EH","PH",""
"425","2024","Apr",2024-04-25,"Chinook Salmon","fall","BT-4","NJ","CY, SB","25",13.1,99,"9CD1",2024-04-19,"1:37",97,"1:28",88,"1:38",98,"","RT-19","2024-04-26 RT-19",NA,"EH","PH",""
"426","2024","Apr",2024-04-25,"Chinook Salmon","fall","BT-4","NJ","CY, SB","26",9.4,95,"9B75",2024-04-19,"1:48",108,"2:01",121,"1:00",60,"","RT-19","2024-04-26 RT-19",NA,"EH","PH",""
"427","2024","Apr",2024-04-25,"Chinook Salmon","fall","BT-4","NJ","CY, SB","27",9.4,95,"29BB",2024-04-19,"1:47",107,"1:27",87,"3:20",200,"","RT-19","2024-04-26 RT-19",NA,"EH","PH",""
"428","2024","Apr",2024-04-25,"Chinook Salmon","fall","BT-4","NJ","CY, SB","28",8.4,89,"9452",2024-04-19,"1:25",85,"1:46",106,"2:15",135,"","RT-19","2024-04-26 RT-19",NA,"EH","PH",""
"429","2024","Apr",2024-04-25,"Chinook Salmon","fall","BT-4","NJ","CY, SB","29",13,100,"9B27",2024-04-19,"1:49",109,"1:20",80,"1:07",67,"","RT-19","2024-04-26 RT-19",NA,"EH","PH",""
"430","2024","Apr",2024-04-25,"Chinook Salmon","fall","BT-4","NJ","CY, SB","30",15.2,110,"9C75",2024-04-19,"1:35",95,"1:15",75,"1:13",73,"","RT-19","2024-04-26 RT-19",NA,"EH","PH","correct anesth time "
"431","2024","Apr",2024-04-25,"Chinook Salmon","fall","BT-4","NJ","CY, SB","31",7.2,90,"9E59",2024-04-19,"1:44",104,"1:36",96,"3:00",180,"","RT-20","2024-04-26 RT-20",NA,"EH","PH",""
"432","2024","Apr",2024-04-25,"Chinook Salmon","fall","BT-4","NJ","CY, SB","32",10.4,94,"9C9B",2024-04-19,"1:47",107,"1:44",104,"1:00",60,"","RT-20","2024-04-26 RT-20",NA,"EH","PH",""
"433","2024","Apr",2024-04-25,"Chinook Salmon","fall","BT-4","NJ","CY, SB","33",10.6,97,"9D2D",2024-04-19,"1:55",115,"1:23",83,"3:00",180,"","RT-20","2024-04-26 RT-20",NA,"EH","PH",""
"434","2024","Apr",2024-04-25,"Chinook Salmon","fall","BT-4","NJ","CY, SB","34",9.5,95,"9E5A",2024-04-19,"2:10",130,"1:31",91,"1:37",97,"","RT-20","2024-04-26 RT-20",NA,"EH","PH",""
"435","2024","Apr",2024-04-25,"Chinook Salmon","fall","BT-4","NJ","CY, SB","35",10.6,98,"9D9A",2024-04-19,"1:33",93,"1:31",91,"1:24",84,"","RT-20","2024-04-26 RT-20",NA,"EH","PH",""
"436","2024","Apr",2024-04-25,"Chinook Salmon","fall","BT-4","NJ","CY, SB","36",10.1,95,"9BAB",2024-04-25,"1:34",94,"1:38",98,"1:02",62,"","RT-20","2024-04-26 RT-20",NA,"EH","PH","corrected tag activation date"
"437","2024","Apr",2024-04-25,"Chinook Salmon","fall","BT-4","NJ","CY, SB","37",11.1,100,"9E57",2024-04-19,"1:44",104,"1:24",84,"1:00",60,"","RT-20","2024-04-26 RT-20",NA,"EH","PH",""
"438","2024","Apr",2024-04-25,"Chinook Salmon","fall","BT-4","NJ","CY, SB","38",14.3,110,"9CC9",2024-04-19,"1:54",114,"1:28",88,"1:00",60,"","RT-20","2024-04-26 RT-20",NA,"EH","PH",""
"439","2024","Apr",2024-04-25,"Chinook Salmon","fall","BT-4","NJ","CY, SB","39",10.1,95,"9B35",2024-04-19,"1:35",95,"1:04",64,"2:20",140,"","RT-20","2024-04-26 RT-20",NA,"EH","PH",""
"440","2024","Apr",2024-04-25,"Chinook Salmon","fall","BT-4","NJ","CY, SB","40",11.2,97,"9C96",2024-04-19,"1:30",90,"1:10",70,"1:15",75,"","RT-20","2024-04-26 RT-20",NA,"EH","PH",""
"441","2024","Apr",2024-04-25,"Chinook Salmon","fall","BT-4","CY","NJ, SB","41",13.9,107,"9DA4",2024-04-19,"1:29",89,"2:16",136,"2:55",175,"","RT-21","2024-04-26 RT-21",NA,"EH","PH",""
"442","2024","Apr",2024-04-25,"Chinook Salmon","fall","BT-4","CY","NJ, SB","42",8.7,91,"9CD9",2024-04-19,"2:37",157,"1:51",111,"2:30",150,"","RT-21","2024-04-26 RT-21",NA,"EH","PH",""
"443","2024","Apr",2024-04-25,"Chinook Salmon","fall","BT-4","CY","NJ, SB","43",11.4,99,"9CD4",2024-04-19,"2:11",131,"1:41",101,"2:10",130,"","RT-21","2024-04-26 RT-21",NA,"EH","PH",""
"444","2024","Apr",2024-04-25,"Chinook Salmon","fall","BT-4","CY","NJ, SB","44",9.3,100,"9D47",2024-04-19,"2:04",124,"1:50",110,"2:45",165,"","RT-21","2024-04-26 RT-21",NA,"EH","PH",""
"445","2024","Apr",2024-04-25,"Chinook Salmon","fall","BT-4","CY","NJ, SB","45",11,102,"9486",2024-04-19,"2:02",122,"1:53",113,"1:10",70,"","RT-21","2024-04-26 RT-21",NA,"EH","PH",""
"446","2024","Apr",2024-04-25,"Chinook Salmon","fall","BT-4","CY","NJ, SB","46",6.4,89,"9BD9",2024-04-19,"2:30",150,"1:40",100,"2:40",160,"","RT-21","2024-04-26 RT-21",NA,"EH","PH",""
"447","2024","Apr",2024-04-25,"Chinook Salmon","fall","BT-4","CY","NJ, SB","47",7.6,92,"9DA1",2024-04-19,"1:46",106,"1:55",115,"2:30",150,"","RT-21","2024-04-26 RT-21",NA,"EH","PH",""
"448","2024","Apr",2024-04-25,"Chinook Salmon","fall","BT-4","CY","NJ, SB","48",6.5,85,"9DB2",2024-04-19,"2:07",127,"1:39",99,"2:50",170,"","RT-21","2024-04-26 RT-21",NA,"EH","PH",""
"449","2024","Apr",2024-04-25,"Chinook Salmon","fall","BT-4","CY","NJ, SB","49",11.1,101,"94C3",2024-04-19,"2:13",133,"1:39",99,"1:00",60,"","RT-21","2024-04-26 RT-21",NA,"EH","PH",""
"450","2024","Apr",2024-04-25,"Chinook Salmon","fall","BT-4","CY","NJ, SB","50",13.4,106,"9493",2024-04-19,"1:52",112,"1:36",96,"1:13",73,"","RT-21","2024-04-26 RT-21",NA,"EH","PH",""
"451","2024","Apr",2024-04-25,"Chinook Salmon","fall","BT-4","CY","NJ, SB","51",10.9,104,"9B85",2024-04-19,"1:32",92,"2:00",120,"3:20",200,"","RT-22","2024-04-26 RT-22",NA,"EH","PH",""
"452","2024","Apr",2024-04-25,"Chinook Salmon","fall","BT-4","CY","NJ, SB","52",7.8,91,"9CD5",2024-04-19,"2:30",150,"2:10",130,"1:00",60,"","RT-22","2024-04-26 RT-22",NA,"EH","PH",""
"453","2024","Apr",2024-04-25,"Chinook Salmon","fall","BT-4","CY","NJ, SB","53",12,100,"9F57",2024-04-19,"2:21",141,"1:53",113,"3:02",182,"","RT-22","2024-04-26 RT-22",NA,"EH","PH",""
"454","2024","Apr",2024-04-25,"Chinook Salmon","fall","BT-4","CY","NJ, SB","54",11,96,"9CAF",2024-04-19,"2:00",120,"1:30",90,"1:00",60,"","RT-22","2024-04-26 RT-22",NA,"EH","PH",""
"455","2024","Apr",2024-04-25,"Chinook Salmon","fall","BT-4","CY","NJ, SB","55",11.8,101,"29BC",2024-04-19,"1:41",101,"1:42",102,"1:00",60,"","RT-22","2024-04-26 RT-22",NA,"EH","PH",""
"456","2024","Apr",2024-04-25,"Chinook Salmon","fall","BT-4","CY","NJ, SB","56",12.6,103,"9E55",2024-04-19,"1:25",85,"1:33",93,"1:00",60,"","RT-22","2024-04-26 RT-22",NA,"EH","PH",""
"457","2024","Apr",2024-04-25,"Chinook Salmon","fall","BT-4","CY","NJ, SB","57",16.4,113,"9426",2024-04-19,"1:25",85,"1:36",96,"2:36",156,"","RT-22","2024-04-26 RT-22",NA,"EH","PH",""
"458","2024","Apr",2024-04-25,"Chinook Salmon","fall","BT-4","CY","NJ, SB","58",12.2,106,"9CA4",2024-04-19,"2:05",125,"1:34",94,"2:13",133,"","RT-22","2024-04-26 RT-22",NA,"EH","PH",""
"459","2024","Apr",2024-04-25,"Chinook Salmon","fall","BT-4","CY","NJ, SB","59",10.1,98,"941A",2024-04-19,"1:27",87,"1:36",96,"1:03",63,"","RT-22","2024-04-26 RT-22",NA,"EH","PH",""
"460","2024","Apr",2024-04-25,"Chinook Salmon","fall","BT-4","CY","NJ, SB","60",10.9,99,"9D5E",2024-04-19,"1:52",112,"1:34",94,"2:00",120,"","RT-22","2024-04-26 RT-22",NA,"EH","PH",""
"461","2024","Apr",2024-04-25,"Chinook Salmon","fall","BT-4","CY","NJ, SB","61",6.6,85,"9DA5",2024-04-19,"1:25",85,"1:52",112,"2:30",150,"","RT-23","2024-04-26 RT-23",NA,"EH","PH",""
"462","2024","Apr",2024-04-25,"Chinook Salmon","fall","BT-4","CY","NJ, SB","62",16.1,115,"9F5A",2024-04-19,"1:52",112,"1:36",96,"2:50",170,"","RT-23","2024-04-26 RT-23",NA,"EH","PH",""
"463","2024","Apr",2024-04-25,"Chinook Salmon","fall","BT-4","CY","NJ, SB","63",13.7,104,"29B3",2024-04-19,"1:49",109,"1:42",102,"3:02",182,"","RT-23","2024-04-26 RT-23",NA,"EH","PH",""
"464","2024","Apr",2024-04-25,"Chinook Salmon","fall","BT-4","CY","NJ, SB","64",12,103,"9CA6",2024-04-19,"2:10",130,"1:52",112,"2:30",150,"","RT-23","2024-04-26 RT-23",NA,"EH","PH",""
"465","2024","Apr",2024-04-25,"Chinook Salmon","fall","BT-4","CY","NJ, SB","65",13.5,105,"9C92",2024-04-19,"1:59",119,"1:46",106,"2:20",140,"","RT-23","2024-04-26 RT-23",NA,"EH","PH",""
"466","2024","Apr",2024-04-25,"Chinook Salmon","fall","BT-4","CY","NJ, SB","66",10.3,95,"9EE9",2024-04-19,"1:29",89,"1:51",111,"1:00",60,"","RT-23","2024-04-26 RT-23",NA,"EH","PH",""
"467","2024","Apr",2024-04-25,"Chinook Salmon","fall","BT-4","CY","NJ, SB","67",7.3,89,"9F53",2024-04-19,"2:13",133,"2:00",120,"3:30",210,"","RT-23","2024-04-26 RT-23",NA,"EH","PH",""
"468","2024","Apr",2024-04-25,"Chinook Salmon","fall","BT-4","CY","NJ, SB","68",11.4,98,"9DB7",2024-04-19,"1:46",106,"1:45",105,"3:20",200,"","RT-23","2024-04-26 RT-23",NA,"EH","PH",""
"469","2024","Apr",2024-04-25,"Chinook Salmon","fall","BT-4","CY","NJ, SB","69",9.2,96,"9B3B",2024-04-19,"2:31",151,"1:43",103,"2:40",160,"","RT-23","2024-04-26 RT-23",NA,"EH","PH",""
"470","2024","Apr",2024-04-25,"Chinook Salmon","fall","BT-4","CY","NJ, SB","70",13.3,103,"9DF5",2024-04-19,"1:45",105,"1:36",96,"2:08",128,"","RT-23","2024-04-26 RT-23",NA,"EH","PH",""
"471","2024","Apr",2024-04-25,"Chinook Salmon","fall","BT-4","CY","NJ, SB","71",11,104,"9476",2024-04-19,"2:18",138,"1:49",109,"1:00",60,"","RT-24","2024-04-26 RT-24",NA,"EH","PH",""
"472","2024","Apr",2024-04-25,"Chinook Salmon","fall","BT-4","CY","NJ, SB","72",14.8,109,"9D99",2024-04-19,"2:10",130,"1:35",95,"4:03",243,"","RT-24","2024-04-26 RT-24",NA,"EH","PH",""
"473","2024","Apr",2024-04-25,"Chinook Salmon","fall","BT-4","CY","NJ, SB","73",10.7,98,"9435",2024-04-19,"2:10",130,"1:50",110,"3:15",195,"","RT-24","2024-04-26 RT-24",NA,"EH","PH",""
"474","2024","Apr",2024-04-25,"Chinook Salmon","fall","BT-4","CY","NJ, SB","74",10.1,95,"9CA5",2024-04-19,"1:51",111,"1:50",110,"2:30",150,"","RT-24","2024-04-26 RT-24",NA,"EH","PH",""
"475","2024","Apr",2024-04-25,"Chinook Salmon","fall","BT-4","CY","NJ, SB","75",8.5,95,"9D63",2024-04-19,"1:47",107,"1:58",118,"2:50",170,"","RT-24","2024-04-26 RT-24",NA,"EH","PH",""
"476","2024","Apr",2024-04-25,"Chinook Salmon","fall","BT-4","CY","NJ, SB","76",13.1,102,"9D3D",2024-04-19,"2:26",146,"1:38",98,"2:52",172,"","RT-24","2024-04-26 RT-24",NA,"EH","PH",""
"477","2024","Apr",2024-04-25,"Chinook Salmon","fall","BT-4","CY","NJ, SB","77",10.2,98,"9D44",2024-04-19,"1:51",111,"1:51",111,"3:01",181,"","RT-24","2024-04-26 RT-24",NA,"EH","PH",""
"478","2024","Apr",2024-04-25,"Chinook Salmon","fall","BT-4","CY","NJ, SB","78",9.4,97,"2A04",2024-04-19,"2:05",125,"1:53",113,"3:16",196,"","RT-24","2024-04-26 RT-24",NA,"EH","PH",""
"479","2024","Apr",2024-04-25,"Chinook Salmon","fall","BT-4","CY","NJ, SB","79",14.4,105,"29B1",2024-04-19,"1:55",115,"1:41",101,"1:42",102,"","RT-24","2024-04-26 RT-24",NA,"EH","PH",""
"480","2024","Apr",2024-04-25,"Chinook Salmon","fall","BT-4","CY","NJ, SB","80",13.4,104,"9D6B",2024-04-19,"1:58",118,"1:30",90,"2:30",150,"","RT-24","2024-04-26 RT-24",NA,"EH","PH",""
